X.SampleID,sample_site,collection_year,village,village_socio,socioeconomic_level,age,age_category_baby0.0.5_infant0.5.3_child3.12_teen13.17_adult18.over,BarcodeSequence,LinkerPrimerSequence,X16S,ITS,X18S,X16S_deb_seqs,ITS_cr_seqs,ITS_deb_seqs,X18S_deb_seqs,X18S_cr_seqs,seqs,sample_site_general,host_type,subject_number,house_number,weight,height,accult_score,host_or_room,name,gender,ethnicity,number_inhabitants,time_livinig_in_house_years,cleaning_frequency,dog,water_source,zone,material,humidity_percent,cleaning_products,chemicals_for_cleaning,use_soaps,last_day_antibiotic,health,right_handed,family_relation,relation_to_whom,footwear,direct_intestinal_parasites,intestinal_parasites_khato,quant_ID,quant_conc,tube_number,Sampled_in_2012,Description,Abudance.cleaning.products,Shannon_MS,Observed_richness_MS,Sample.name
Che.120.kitc,wall,2012,Checherta,Checherta,NA,NA,NA,ATCACCAGGTGT,CCGGACTACHVGGGTWTCTAAT,yes,yes,yes,29259,83125,97094,288899,302933,8151,wall,house,NA,4,NA,NA,0,kitchen,NA,NA,NA,6,2,0,0,spring,Checherta,wood,NA,NA,NA,NA,NA,NA,NA,NA,NA,NA,NA,NA,SM-55C8G,0.72069,120,y,Peru2012,0.000741341,4.730129551,100,Plate2_RA11_01_10131
Che.121.kitc,floor,2012,Checherta,Checherta,NA,NA,NA,GAATACCAAGTC,CCGGACTACHVGGGTWTCTAAT,yes,yes,yes,28953,49239,72641,44543,33761,58337,floor,house,NA,4,NA,NA,0,kitchen,NA,NA,NA,6,2,0,0,spring,Checherta,soil,NA,NA,NA,NA,NA,NA,NA,NA,NA,NA,NA,NA,SM-55C8S,0.76793,121,y,Peru2012,0.000636406,4.72954576,114,Plate2_RA12_01_10132
Che.125.bedr,wall,2012,Checherta,Checherta,NA,NA,NA,AGGCTTACGTGT,CCGGACTACHVGGGTWTCTAAT,yes,yes,yes,38413,18828,26044,0,0,59685,wall,house,NA,4,NA,NA,0,bedroom,NA,NA,NA,6,2,0,0,spring,Checherta,wood,NA,NA,NA,NA,NA,NA,NA,NA,NA,NA,NA,NA,SM-55CA6,1.05532,125,y,Peru2012,0.000384744,4.954067963,95,Plate2_RB1_01_10135
Che.126.bedr,floor,2012,Checherta,Checherta,NA,NA,NA,AACTAGTTCAGG,CCGGACTACHVGGGTWTCTAAT,yes,yes,yes,53975,1,0,12311,6613,105823,floor,house,NA,4,NA,NA,0,bedroom,NA,NA,NA,6,2,0,0,spring,Checherta,soil,NA,NA,NA,NA,NA,NA,NA,NA,NA,NA,NA,NA,SM-55CAI,1.19204,126,y,Peru2012,0.00135535,5.049109664,108,Plate2_RB2_01_10136
Che.127.livi,wall,2012,Checherta,Checherta,NA,NA,NA,GGACTTCCAGCT,CCGGACTACHVGGGTWTCTAAT,yes,yes,yes,33213,91,73,712,185,9991,wall,house,NA,4,NA,NA,0,living,NA,NA,NA,6,2,0,0,spring,Checherta,wood,NA,NA,NA,NA,NA,NA,NA,NA,NA,NA,NA,NA,SM-55CAU,1.37468,127,y,Peru2012,0.000553799,4.814272213,97,Plate2_RB3_01_10137
Che.128.livi,floor,2012,Checherta,Checherta,NA,NA,NA,TGGTCAACGATA,CCGGACTACHVGGGTWTCTAAT,yes,yes,yes,25031,0,0,172,208,45835,floor,house,NA,4,NA,NA,0,living,NA,NA,NA,6,2,0,0,spring,Checherta,soil,NA,NA,NA,NA,NA,NA,NA,NA,NA,NA,NA,NA,SM-55C8H,0.72593,128,y,Peru2012,0.00070033,4.623770494,105,Plate2_RB4_01_10138
Che.162.kitc,wall,2012,Checherta,Checherta,NA,NA,NA,ACTCACAGGAAT,CCGGACTACHVGGGTWTCTAAT,yes,yes,yes,0,3,381,987,457,12,wall,house,NA,5,NA,NA,0,kitchen,NA,NA,NA,17,2,NA,0,spring,Checherta,wood,NA,NA,NA,NA,NA,NA,NA,NA,NA,NA,NA,NA,SM-55C9U,1.00037,162,y,Peru2012,0.000595618,4.726961183,103,Plate2_RB5_01_10139
Che.163.kitc,floor,2012,Checherta,Checherta,NA,NA,NA,TCTCTACCACTC,CCGGACTACHVGGGTWTCTAAT,yes,yes,yes,48656,1841,1536,0,0,88992,floor,house,NA,5,NA,NA,0,kitchen,NA,NA,NA,17,2,NA,0,spring,Checherta,soil,NA,NA,NA,NA,NA,NA,NA,NA,NA,NA,NA,NA,SM-55CA7,1.06999,163,y,Peru2012,0.000634478,4.648203795,112,Plate2_RB6_01_10140
Che.167.bedr,wall,2012,Checherta,Checherta,NA,NA,NA,TAACGTGTGTGC,CCGGACTACHVGGGTWTCTAAT,yes,yes,yes,10381,12907,47459,0,0,4108,wall,house,NA,5,NA,NA,0,bedroom,NA,NA,NA,17,2,NA,0,spring,Checherta,wood,NA,NA,NA,NA,NA,NA,NA,NA,NA,NA,NA,NA,SM-55C8U,0.79106,167,y,Peru2012,0.000709828,4.494273897,104,Plate2_RB7_01_10141
Che.168.bedr,floor,2012,Checherta,Checherta,NA,NA,NA,CAAATTCGGGAT,CCGGACTACHVGGGTWTCTAAT,yes,yes,yes,42676,28649,36714,167,166,83197,floor,house,NA,5,NA,NA,0,bedroom,NA,NA,NA,17,2,NA,0,spring,Checherta,soil,NA,NA,NA,NA,NA,NA,NA,NA,NA,NA,NA,NA,SM-55C97,0.84745,168,y,Peru2012,0.000650715,4.839561153,109,Plate2_RB8_01_10142
Che.169.livi,wall,2012,Checherta,Checherta,NA,NA,NA,GAGCCATCTGTA,CCGGACTACHVGGGTWTCTAAT,yes,yes,yes,29513,1,0,0,0,27758,wall,house,NA,5,NA,NA,0,living,NA,NA,NA,17,2,NA,0,spring,Checherta,wood,NA,NA,NA,NA,NA,NA,NA,NA,NA,NA,NA,NA,SM-55C9J,0.90605,169,y,Peru2012,0.000889123,4.780502022,106,Plate2_RB9_01_10143
Che.170.livi,floor,2012,Checherta,Checherta,NA,NA,NA,ATGATGAGCCTC,CCGGACTACHVGGGTWTCTAAT,yes,yes,yes,59461,5913,15802,0,0,109865,floor,house,NA,5,NA,NA,0,living,NA,NA,NA,17,2,NA,0,spring,Checherta,soil,NA,NA,NA,NA,NA,NA,NA,NA,NA,NA,NA,NA,SM-55C9V,1.00121,170,y,Peru2012,0.000613712,4.59331133,102,Plate2_RB10_01_10144
Che.2.kitc,wall,2012,Checherta,Checherta,NA,NA,NA,TGCATACACTGG,CCGGACTACHVGGGTWTCTAAT,yes,yes,yes,14680,6836,111885,213980,28698,10467,wall,house,NA,1,NA,NA,0,kitchen,NA,NA,NA,24,15,0,1,spring,Checherta,wood,30,NA,NA,NA,NA,NA,NA,NA,NA,NA,NA,NA,SM-55C8P,0.75873,2,y,Peru2012,0.00037096,4.874260854,89,Plate2_RA1_01_10121
Che.208.kitc,wall,2012,Checherta,Checherta,NA,NA,NA,GTCGTGTAGCCT,CCGGACTACHVGGGTWTCTAAT,yes,yes,yes,22807,43543,55375,44408,44266,4381,wall,house,NA,6,NA,NA,0,kitchen,NA,NA,NA,8,2,NA,0,spring,Checherta,wood,NA,NA,NA,NA,NA,NA,NA,NA,NA,NA,NA,NA,SM-55C8J,0.7367,208,y,Peru2012,0.000860133,4.686626222,104,Plate2_RB11_01_10145
Che.209.kitc,floor,2012,Checherta,Checherta,NA,NA,NA,CATTATGGCGTG,CCGGACTACHVGGGTWTCTAAT,yes,yes,yes,39629,2,0,0,1,76739,floor,house,NA,6,NA,NA,0,kitchen,NA,NA,NA,8,2,NA,0,spring,Checherta,soil,NA,NA,NA,NA,NA,NA,NA,NA,NA,NA,NA,NA,SM-55C8V,0.79161,209,y,Peru2012,0.000882511,4.588729156,101,Plate2_RB12_01_10146
Che.213.bedr,wall,2012,Checherta,Checherta,NA,NA,NA,CTCACCTAGGAA,CCGGACTACHVGGGTWTCTAAT,yes,yes,yes,35966,1,0,63,4,51324,wall,house,NA,6,NA,NA,0,bedroom,NA,NA,NA,8,2,NA,0,spring,Checherta,wood,NA,NA,NA,NA,NA,NA,NA,NA,NA,NA,NA,NA,SM-55CA9,1.08072,213,y,Peru2012,0.000626714,4.843492968,100,Plate2_RC1_01_10149
Che.214.bedr,floor,2012,Checherta,Checherta,NA,NA,NA,GTACGATATGAC,CCGGACTACHVGGGTWTCTAAT,yes,yes,yes,64240,0,0,7140,1702,121596,floor,house,NA,6,NA,NA,0,bedroom,NA,NA,NA,8,2,NA,0,spring,Checherta,soil,NA,NA,NA,NA,NA,NA,NA,NA,NA,NA,NA,NA,SM-55CAL,1.23908,214,y,Peru2012,0.000525386,4.843563518,109,Plate2_RC2_01_10150
Che.215.livi,wall,2012,Checherta,Checherta,NA,NA,NA,ATGTCACCGCTG,CCGGACTACHVGGGTWTCTAAT,yes,yes,yes,6190,7,0,643,493,9198,wall,house,NA,6,NA,NA,0,living,NA,NA,NA,8,2,NA,0,spring,Checherta,wood,NA,NA,NA,NA,NA,NA,NA,NA,NA,NA,NA,NA,SM-55CAX,1.44319,215,y,Peru2012,0.0007261,4.828947337,108,Plate2_RC3_01_10151
Che.216.livi,floor,2012,Checherta,Checherta,NA,NA,NA,AGCGGAGGTTAG,CCGGACTACHVGGGTWTCTAAT,yes,yes,yes,44077,3,0,0,0,79901,floor,house,NA,6,NA,NA,0,living,NA,NA,NA,8,2,NA,0,spring,Checherta,soil,NA,NA,NA,NA,NA,NA,NA,NA,NA,NA,NA,NA,SM-55C8K,0.7388,216,y,Peru2012,0.000610209,4.766682137,106,Plate2_RC4_01_10152
Che.276.kitc,wall,2012,Checherta,Checherta,NA,NA,NA,TGTCGCAAATAG,CCGGACTACHVGGGTWTCTAAT,yes,yes,yes,48782,75506,91802,113463,126599,44252,wall,house,NA,7,NA,NA,1,kitchen,NA,NA,NA,6,0.17,NA,0,spring,Checherta,wood,NA,NA,NA,NA,NA,NA,NA,NA,NA,NA,NA,NA,SM-55C9X,1.01936,276,y,Peru2012,0.000558785,4.838153205,99,Plate2_RC5_01_10154
Che.277.kitc,floor,2012,Checherta,Checherta,NA,NA,NA,GTGTTGTCGTGC,CCGGACTACHVGGGTWTCTAAT,yes,yes,yes,58225,10243,34430,30681,9906,116368,floor,house,NA,7,NA,NA,1,kitchen,NA,NA,NA,6,0.17,NA,0,spring,Checherta,soil,NA,NA,NA,NA,NA,NA,NA,NA,NA,NA,NA,NA,SM-55CAA,1.08559,277,y,Peru2012,0.000225576,4.703849021,99,Plate2_RC6_01_10155
Che.281.bedr,wall,2012,Checherta,Checherta,NA,NA,NA,GATCTGCGATCC,CCGGACTACHVGGGTWTCTAAT,yes,yes,yes,29941,95593,123647,44396,15887,21182,wall,house,NA,7,NA,NA,1,bedroom,NA,NA,NA,6,0.17,NA,0,spring,Checherta,wood,NA,NA,NA,NA,NA,NA,NA,NA,NA,NA,NA,NA,SM-55C8X,0.79521,281,y,Peru2012,0.000865574,4.815915316,105,Plate2_RC7_01_10156
Che.282.bedr,floor,2012,Checherta,Checherta,NA,NA,NA,GCATATGCACTG,CCGGACTACHVGGGTWTCTAAT,yes,yes,yes,36777,24783,72132,0,0,72358,floor,house,NA,7,NA,NA,1,bedroom,NA,NA,NA,6,0.17,NA,0,spring,Checherta,soil,NA,NA,NA,NA,NA,NA,NA,NA,NA,NA,NA,NA,SM-55C9A,0.86152,282,y,Peru2012,0.000268291,4.771200133,100,Plate2_RC8_01_10157
Che.283.livi,wall,2012,Checherta,Checherta,NA,NA,NA,TAATACGGATCG,CCGGACTACHVGGGTWTCTAAT,yes,yes,yes,53560,139463,148142,120178,47141,79050,wall,house,NA,7,NA,NA,1,living,NA,NA,NA,6,0.17,NA,0,spring,Checherta,wood,NA,NA,NA,NA,NA,NA,NA,NA,NA,NA,NA,NA,SM-55C9M,0.93883,283,y,Peru2012,6.18E-07,3.885701801,48,Plate2_RC9_01_10158
Che.284.livi,floor,2012,Checherta,Checherta,NA,NA,NA,CATCCCTCTACT,CCGGACTACHVGGGTWTCTAAT,yes,yes,yes,44823,40662,94408,71962,12674,86125,floor,house,NA,7,NA,NA,1,living,NA,NA,NA,6,0.17,NA,0,spring,Checherta,soil,NA,NA,NA,NA,NA,NA,NA,NA,NA,NA,NA,NA,SM-55C9Y,1.03012,284,y,Peru2012,0.000728831,4.645736678,109,Plate2_RC10_01_10159
Che.3.kitc,floor,2012,Checherta,Checherta,NA,NA,NA,GCGATATATCGC,CCGGACTACHVGGGTWTCTAAT,yes,yes,yes,45575,44639,81622,42933,8903,86886,floor,house,NA,1,NA,NA,0,kitchen,NA,NA,NA,24,15,0,1,spring,Checherta,soil,NA,NA,NA,NA,NA,NA,NA,NA,NA,NA,NA,NA,SM-55C92,0.81712,3,y,Peru2012,0.00044528,4.618774349,108,Plate2_RA2_01_10122
Che.330.kitc,wall,2012,Checherta,Checherta,NA,NA,NA,TACAGCGCATAC,CCGGACTACHVGGGTWTCTAAT,yes,no,no,32074,NA,NA,NA,NA,40222,wall,house,NA,8,NA,NA,0,kitchen,NA,NA,NA,3,2,NA,1,spring,Checherta,wood,NA,NA,NA,NA,NA,NA,NA,NA,NA,NA,NA,NA,SM-55C8M,0.74226,330,y,Peru2012,0.000652486,4.828867886,103,Plate2_RC11_01_10160
Che.331.kitc,floor,2012,Checherta,Checherta,NA,NA,NA,CAGCTCATCAGC,CCGGACTACHVGGGTWTCTAAT,yes,no,no,21185,NA,NA,NA,NA,38731,floor,house,NA,8,NA,NA,0,kitchen,NA,NA,NA,3,2,NA,1,spring,Checherta,soil,NA,NA,NA,NA,NA,NA,NA,NA,NA,NA,NA,NA,SM-55C8Y,0.79858,331,y,Peru2012,0.000526837,4.613946867,99,Plate2_RC12_01_10161
Che.335.bedr,wall,2012,Checherta,Checherta,NA,NA,NA,TATCGACACAAG,CCGGACTACHVGGGTWTCTAAT,yes,no,no,20469,NA,NA,NA,NA,27677,wall,house,NA,8,NA,NA,0,bedroom,NA,NA,NA,3,2,NA,1,spring,Checherta,wood,NA,NA,NA,NA,NA,NA,NA,NA,NA,NA,NA,NA,SM-55CAC,1.10523,335,y,Peru2012,0.000730893,4.946653184,113,Plate2_RD1_01_10164
Che.336.bedr,floor,2012,Checherta,Checherta,NA,NA,NA,TGCGCTGAATGT,CCGGACTACHVGGGTWTCTAAT,yes,yes,yes,49931,5575,12184,47659,20858,95884,floor,house,NA,8,NA,NA,0,bedroom,NA,NA,NA,3,2,NA,1,spring,Checherta,soil,NA,NA,NA,NA,NA,NA,NA,NA,NA,NA,NA,NA,SM-55CAO,1.2993,336,y,Peru2012,0.000407992,4.708805287,110,Plate2_RD2_01_10165
Che.337.livi,wall,2012,Checherta,Checherta,NA,NA,NA,TGGAGTAGGTGG,CCGGACTACHVGGGTWTCTAAT,yes,no,no,51578,NA,NA,NA,NA,81793,wall,house,NA,8,NA,NA,0,living,NA,NA,NA,3,2,NA,1,spring,Checherta,wood,NA,NA,NA,NA,NA,NA,NA,NA,NA,NA,NA,NA,SM-55CB1,1.4578,337,y,Peru2012,0.000539242,4.939735532,96,Plate2_RD3_01_10166
Che.338.livi,floor,2012,Checherta,Checherta,NA,NA,NA,ACCGGTATGTAC,CCGGACTACHVGGGTWTCTAAT,yes,yes,yes,10318,0,0,0,0,16321,floor,house,NA,8,NA,NA,0,living,NA,NA,NA,3,2,NA,1,spring,Checherta,soil,NA,NA,NA,NA,NA,NA,NA,NA,NA,NA,NA,NA,SM-55C8N,0.7447,338,y,Peru2012,0.000489823,4.72177532,111,Plate2_RD4_01_10167
Che.372.kitc,wall,2012,Checherta,Checherta,NA,NA,NA,AGTTGAGGCATT,CCGGACTACHVGGGTWTCTAAT,yes,yes,yes,11436,1175,99953,51174,9021,3259,wall,house,NA,9,NA,NA,0,kitchen,NA,NA,NA,6,5,NA,0,spring,Checherta,wood,NA,NA,NA,NA,NA,NA,NA,NA,NA,NA,NA,NA,SM-55CA1,1.0348,372,y,Peru2012,0.000578668,4.95889973,103,Plate2_RD5_01_10168
Che.373.kitc,floor,2012,Checherta,Checherta,NA,NA,NA,GATTCCGGCTCA,CCGGACTACHVGGGTWTCTAAT,yes,yes,yes,63963,0,0,3285,479,129281,floor,house,NA,9,NA,NA,0,kitchen,NA,NA,NA,6,5,NA,0,spring,Checherta,soil,NA,NA,NA,NA,NA,NA,NA,NA,NA,NA,NA,NA,SM-55CAD,1.11914,373,y,Peru2012,0.000447497,4.765708523,95,Plate2_RD6_01_10169
Che.377.bedr,wall,2012,Checherta,Checherta,NA,NA,NA,CATTCGTGGCGT,CCGGACTACHVGGGTWTCTAAT,yes,yes,yes,33207,34067,101101,88732,48947,61204,wall,house,NA,9,NA,NA,0,bedroom,NA,NA,NA,6,5,NA,0,spring,Checherta,wood,NA,NA,NA,NA,NA,NA,NA,NA,NA,NA,NA,NA,SM-55C9P,0.96835,377,y,Peru2012,0.000783445,4.923125801,109,Plate2_RD7_01_10170
Che.378.bedr,floor,2012,Checherta,Checherta,NA,NA,NA,ACAATAGACACC,CCGGACTACHVGGGTWTCTAAT,yes,yes,yes,32707,20396,48876,60047,10475,62515,floor,house,NA,9,NA,NA,0,bedroom,NA,NA,NA,6,5,NA,0,spring,Checherta,soil,NA,NA,NA,NA,NA,NA,NA,NA,NA,NA,NA,NA,SM-55CA2,1.03593,378,y,Peru2012,0.000536809,5.011885093,114,Plate2_RD8_01_10171
Che.379.livi,wall,2012,Checherta,Checherta,NA,NA,NA,CGTAATTGCCGC,CCGGACTACHVGGGTWTCTAAT,yes,yes,yes,9900,9181,15648,31572,19241,7043,wall,house,NA,9,NA,NA,0,living,NA,NA,NA,6,5,NA,0,spring,Checherta,wood,NA,NA,NA,NA,NA,NA,NA,NA,NA,NA,NA,NA,SM-55CAE,1.13254,379,y,Peru2012,0.000336045,4.928619335,92,Plate2_RD9_01_10172
Che.380.livi,floor,2012,Checherta,Checherta,NA,NA,NA,GTTCTCTTCTCG,CCGGACTACHVGGGTWTCTAAT,yes,yes,yes,42665,0,0,33025,6889,80394,floor,house,NA,9,NA,NA,0,living,NA,NA,NA,6,5,NA,0,spring,Checherta,soil,NA,NA,NA,NA,NA,NA,NA,NA,NA,NA,NA,NA,SM-55CAQ,1.31036,380,y,Peru2012,0.000454636,4.730559199,93,Plate2_RD10_01_10173
Che.418.kitc,wall,2012,Checherta,Checherta,NA,NA,NA,AGTAGCGGAAGA,CCGGACTACHVGGGTWTCTAAT,yes,no,no,60494,NA,NA,NA,NA,79987,wall,house,NA,10,NA,NA,3,kitchen,NA,NA,NA,6,0.08,NA,0,spring,Checherta,wood,NA,NA,NA,NA,NA,NA,NA,NA,NA,NA,NA,NA,SM-55JUM,1.86006,418,y,Peru2012,0.000718978,4.752192669,102,Plate2_RD11_01_10174
Che.419.kitc,floor,2012,Checherta,Checherta,NA,NA,NA,TCCTCGAGCGAT,CCGGACTACHVGGGTWTCTAAT,yes,yes,yes,59196,22503,60653,15742,2187,111214,floor,house,NA,10,NA,NA,3,kitchen,NA,NA,NA,6,0.08,NA,0,spring,Checherta,soil,NA,NA,NA,NA,NA,NA,NA,NA,NA,NA,NA,NA,SM-55JUY,2.1332,419,y,Peru2012,0.000540743,4.74244032,111,Plate2_RD12_01_10175
Che.423.bedr,wall,2012,Checherta,Checherta,NA,NA,NA,GTGCAACCAATC,CCGGACTACHVGGGTWTCTAAT,yes,no,no,40079,NA,NA,NA,NA,63748,wall,house,NA,10,NA,NA,3,bedroom,NA,NA,NA,6,0.08,NA,0,spring,Checherta,wood,NA,NA,NA,NA,NA,NA,NA,NA,NA,NA,NA,NA,SM-55JWC,9.7278,423,y,Peru2012,0.000482265,4.751841256,95,Plate2_RE1_01_10178
Che.424.bedr,floor,2012,Checherta,Checherta,NA,NA,NA,TGTGCGATAACA,CCGGACTACHVGGGTWTCTAAT,yes,yes,yes,40722,8,0,60971,22341,76988,floor,house,NA,10,NA,NA,3,bedroom,NA,NA,NA,6,0.08,NA,0,spring,Checherta,soil,NA,NA,NA,NA,NA,NA,NA,NA,NA,NA,NA,NA,SM-55JTY,1.52586,424,y,Peru2012,0.000323388,4.901353157,95,Plate2_RE2_01_10179
Che.425.livi,wall,2012,Checherta,Checherta,NA,NA,NA,GCGACAATTACA,CCGGACTACHVGGGTWTCTAAT,yes,yes,yes,25500,12378,216658,75968,11876,37089,wall,house,NA,10,NA,NA,3,living,NA,NA,NA,6,0.08,NA,0,spring,Checherta,wood,NA,NA,NA,NA,NA,NA,NA,NA,NA,NA,NA,NA,SM-55JUB,1.71688,425,y,Peru2012,0.000712972,4.640870427,92,Plate2_RE3_01_10180
Che.426.livi,floor,2012,Checherta,Checherta,NA,NA,NA,GCAATTAGGTAC,CCGGACTACHVGGGTWTCTAAT,yes,yes,yes,40373,122791,349897,100566,16008,68216,floor,house,NA,10,NA,NA,3,living,NA,NA,NA,6,0.08,NA,0,spring,Checherta,soil,NA,NA,NA,NA,NA,NA,NA,NA,NA,NA,NA,NA,SM-55JUN,1.88331,426,y,Peru2012,0.000635674,4.643650303,98,Plate2_RE4_01_10181
Che.7.bedr,floor,2012,Checherta,Checherta,NA,NA,NA,GGTGACTAGTTC,CCGGACTACHVGGGTWTCTAAT,yes,yes,yes,68384,25632,104056,229683,60592,128236,floor,house,NA,1,NA,NA,0,bedroom,NA,NA,NA,24,15,0,1,spring,Checherta,soil,30,NA,NA,NA,NA,NA,NA,NA,NA,NA,NA,NA,SM-55CAF,1.13313,7,y,Peru2012,0.000103369,4.533405556,94,Plate2_RA3_01_10123
Che.77.kitc,wall,2012,Checherta,Checherta,NA,NA,NA,GGCCAGTTCCTA,CCGGACTACHVGGGTWTCTAAT,yes,yes,yes,61948,32510,113364,224465,104633,97197,wall,house,NA,3,NA,NA,0,kitchen,NA,NA,NA,10,17,0,0,spring,Checherta,wood,NA,NA,NA,NA,NA,NA,NA,NA,NA,NA,NA,NA,SM-55C9R,0.97666,77,y,Peru2012,0.000388612,4.877288901,100,Plate2_RA5_01_10125
Che.78.kitc,floor,2012,Checherta,Checherta,NA,NA,NA,GTGGAGTCTCAT,CCGGACTACHVGGGTWTCTAAT,yes,yes,yes,41255,1,0,3842,4042,67374,floor,house,NA,3,NA,NA,0,kitchen,NA,NA,NA,10,17,0,0,spring,Checherta,soil,NA,NA,NA,NA,NA,NA,NA,NA,NA,NA,NA,NA,SM-55CA4,1.04153,78,y,Peru2012,0.00041502,4.778964206,107,Plate2_RA6_01_10126
Che.8.bedr,wall,2012,Checherta,Checherta,NA,NA,NA,CGTAAGATGCCT,CCGGACTACHVGGGTWTCTAAT,yes,no,no,45794,NA,NA,NA,NA,77412,wall,house,NA,1,NA,NA,0,bedroom,NA,NA,NA,24,15,0,1,spring,Checherta,wood,30,NA,NA,NA,NA,NA,NA,NA,NA,NA,NA,NA,SM-55CAR,1.34068,8,y,Peru2012,0.000489467,5.527066648,107,Plate2_RA4_01_10124
Che.81.bedr,wall,2012,Checherta,Checherta,NA,NA,NA,GCTGTACGGATT,CCGGACTACHVGGGTWTCTAAT,yes,no,no,5607,NA,NA,NA,NA,2750,wall,house,NA,3,NA,NA,0,bedroom,NA,NA,NA,10,17,0,0,spring,Checherta,wood,NA,NA,NA,NA,NA,NA,NA,NA,NA,NA,NA,NA,SM-55C8F,0.71109,81,y,Peru2012,0.000465334,4.953735227,101,Plate2_RA7_01_10127
Che.82.bedr,floor,2012,Checherta,Checherta,NA,NA,NA,ACCAGTGACTCA,CCGGACTACHVGGGTWTCTAAT,yes,no,no,16776,NA,NA,NA,NA,29826,floor,house,NA,3,NA,NA,0,bedroom,NA,NA,NA,10,17,0,0,spring,Checherta,soil,NA,NA,NA,NA,NA,NA,NA,NA,NA,NA,NA,NA,SM-55C8R,0.7655,82,y,Peru2012,0.000333465,4.811956532,90,Plate2_RA8_01_10128
Che.83.livi,wall,2012,Checherta,Checherta,NA,NA,NA,AGTCGTGCACAT,CCGGACTACHVGGGTWTCTAAT,yes,no,no,47836,NA,NA,NA,NA,55913,wall,house,NA,3,NA,NA,0,living,NA,NA,NA,10,17,0,0,spring,Checherta,wood,NA,NA,NA,NA,NA,NA,NA,NA,NA,NA,NA,NA,SM-55C94,0.82363,83,y,Peru2012,0.000446332,4.89619918,102,Plate2_RA9_01_10129
Che.84.livi,floor,2012,Checherta,Checherta,NA,NA,NA,ACCATAGCTCCG,CCGGACTACHVGGGTWTCTAAT,yes,no,no,53416,NA,NA,NA,NA,100475,floor,house,NA,3,NA,NA,0,living,NA,NA,NA,10,17,0,0,spring,Checherta,soil,NA,NA,NA,NA,NA,NA,NA,NA,NA,NA,NA,NA,SM-55C9G,0.90007,84,y,Peru2012,0.000835217,4.595135169,112,Plate2_RA10_01_10130
Iqu.1024.kitc,wall,2012,Iquitos,Iquitos,NA,NA,NA,CGATCGAACACT,CCGGACTACHVGGGTWTCTAAT,yes,yes,yes,31216,1,0,0,0,38933,wall,house,NA,26,NA,NA,22,kitchen,NA,NA,NA,4,21,7,0,municipal,Mainas,painted wall,NA,unknown,unknown,NA,NA,NA,NA,NA,NA,NA,NA,NA,SM-55C5A,0.65841,1024,y,Peru2012,0.000526914,5.060456381,106,Plate3_RE7_01_10297
Iqu.1025.kitc,floor,2012,Iquitos,Iquitos,NA,NA,NA,GATCATTCTCTC,CCGGACTACHVGGGTWTCTAAT,yes,yes,yes,56776,138235,303290,54509,43634,107144,floor,house,NA,26,NA,NA,22,kitchen,NA,NA,NA,4,21,7,0,municipal,Mainas,cement,NA,unknown,unknown,NA,NA,NA,NA,NA,NA,NA,NA,NA,SM-55C2W,0.4817,1025,y,Peru2012,0.001729862,5.647977054,106,Plate3_RE8_01_10298
Iqu.1028.bath,wall,2012,Iquitos,Iquitos,NA,NA,NA,TGTACATCGCCG,CCGGACTACHVGGGTWTCTAAT,yes,yes,yes,51910,0,0,0,1,88808,wall,house,NA,26,NA,NA,22,bathroom,NA,NA,NA,4,21,7,0,municipal,Mainas,painted wall,NA,unknown,unknown,NA,NA,NA,NA,NA,NA,NA,NA,NA,SM-55C3X,0.54873,1028,y,Peru2012,0.000923579,4.933867129,116,Plate3_RE9_01_10299
Iqu.1029.bath,floor,2012,Iquitos,Iquitos,NA,NA,NA,TGTGTAGCCATG,CCGGACTACHVGGGTWTCTAAT,yes,yes,yes,59260,193801,177771,71067,25269,106395,floor,house,NA,26,NA,NA,22,bathroom,NA,NA,NA,4,21,7,0,municipal,Mainas,painted cement,NA,unknown,unknown,NA,NA,NA,NA,NA,NA,NA,NA,NA,SM-55C4A,0.56905,1029,y,Peru2012,0.005786343,5.069029046,127,Plate3_RE10_01_10300
Iqu.1031.bedr,wall,2012,Iquitos,Iquitos,NA,NA,NA,TCGATTGGCCGT,CCGGACTACHVGGGTWTCTAAT,yes,yes,yes,51586,0,0,47527,65402,6573,wall,house,NA,26,NA,NA,22,bedroom,NA,NA,NA,4,21,7,0,municipal,Mainas,painted wall,NA,unknown,unknown,NA,NA,NA,NA,NA,NA,NA,NA,NA,SM-55C4Y,0.63488,1031,y,Peru2012,0.001079756,5.200177875,116,Plate3_RE11_01_10301
Iqu.1032.bedr,floor,2012,Iquitos,Iquitos,NA,NA,NA,CATGCCAACATG,CCGGACTACHVGGGTWTCTAAT,yes,yes,yes,73069,377623,512839,89756,54881,148227,floor,house,NA,26,NA,NA,22,bedroom,NA,NA,NA,4,21,7,0,municipal,Mainas,painted cement,NA,unknown,unknown,NA,NA,NA,NA,NA,NA,NA,NA,NA,SM-55C5B,0.66016,1032,y,Peru2012,0.00558424,5.901839596,127,Plate3_RE12_01_10302
Iqu.1033.livi,wall,2012,Iquitos,Iquitos,NA,NA,NA,AGACATACCGTA,CCGGACTACHVGGGTWTCTAAT,yes,yes,yes,15636,2,0,0,0,22468,wall,house,NA,26,NA,NA,22,living,NA,NA,NA,4,21,7,0,municipal,Mainas,painted wall,NA,unknown,unknown,NA,NA,NA,NA,NA,NA,NA,NA,NA,SM-55C2X,0.48394,1033,y,Peru2012,0.00083962,4.801400268,109,Plate3_RF1_01_10303
Iqu.1034.livi,floor,2012,Iquitos,Iquitos,NA,NA,NA,TGTATCTTCACC,CCGGACTACHVGGGTWTCTAAT,yes,yes,yes,55906,172131,206773,0,0,108339,floor,house,NA,26,NA,NA,22,living,NA,NA,NA,4,21,7,0,municipal,Mainas,cement,NA,unknown,unknown,NA,NA,NA,NA,NA,NA,NA,NA,NA,SM-55C3A,0.50067,1034,y,Peru2012,0.003936287,5.33181286,112,Plate3_RF2_01_10304
Iqu.1066.bath,wall,2012,Iquitos,Iquitos,NA,NA,NA,ACGGCGTTATGT,CCGGACTACHVGGGTWTCTAAT,yes,yes,yes,26903,29,0,0,0,39998,wall,house,NA,27,NA,NA,22,bathroom,NA,NA,NA,6,6,7,1,municipal,Mainas,tile,NA,unknown,unknown,NA,NA,NA,NA,NA,NA,NA,NA,NA,SM-55C3Z,0.55094,1066,y,Peru2012,0.006899625,4.984881699,117,Plate3_RF3_01_10305
Iqu.1069.bedr,wall,2012,Iquitos,Iquitos,NA,NA,NA,TTGGGCCACATA,CCGGACTACHVGGGTWTCTAAT,yes,yes,yes,5,0,0,0,0,33,wall,house,NA,27,NA,NA,22,bedroom,NA,NA,NA,6,6,7,1,municipal,Mainas,painted wall,NA,unknown,unknown,NA,NA,NA,NA,NA,NA,NA,NA,NA,SM-55C51,0.63522,1069,y,Peru2012,0.00177975,5.343917014,114,Plate3_RF4_01_10306
Iqu.1070.bedr,floor,2012,Iquitos,Iquitos,NA,NA,NA,CCTACATGAGAC,CCGGACTACHVGGGTWTCTAAT,yes,yes,yes,71438,2,0,1049,731,122929,floor,house,NA,27,NA,NA,22,bedroom,NA,NA,NA,6,6,7,1,municipal,Mainas,cement,NA,unknown,unknown,NA,NA,NA,NA,NA,NA,NA,NA,NA,SM-55C5D,0.66393,1070,y,Peru2012,0.007118758,5.014053549,120,Plate3_RF5_01_10307
Iqu.803.kitc,wall,2012,Iquitos,Iquitos,NA,NA,NA,TTCGATGCCGCA,CCGGACTACHVGGGTWTCTAAT,yes,yes,yes,25241,1,0,59664,60857,42045,wall,house,NA,21,NA,NA,27,kitchen,NA,NA,NA,9,0.5,7,0,municipal,Pampachica,tile,NA,"clorox, bolivar",sodium hypochlorite,NA,NA,NA,NA,NA,NA,NA,NA,NA,SM-4WZX5,0.32779,803,y,Peru2012,0.000497881,4.905929199,104,Plate3_RB4_01_10254
Iqu.804.kitc,floor,2012,Iquitos,Iquitos,NA,NA,NA,GTCGTCCAAATG,CCGGACTACHVGGGTWTCTAAT,yes,yes,yes,34443,96332,99858,218410,133610,68214,floor,house,NA,21,NA,NA,27,kitchen,NA,NA,NA,9,0.5,7,0,municipal,Pampachica,tile,NA,"clorox, bolivar",sodium hypochlorite,NA,NA,NA,NA,NA,NA,NA,NA,NA,SM-4WZXH,0.32838,804,y,Peru2012,0.003748892,5.057669258,111,Plate3_RB5_01_10255
Iqu.807.bath,wall,2012,Iquitos,Iquitos,NA,NA,NA,CTTAGGCATGTG,CCGGACTACHVGGGTWTCTAAT,yes,yes,yes,59261,10,5,13022,2996,96787,wall,house,NA,21,NA,NA,27,bathroom,NA,NA,NA,9,0.5,7,0,municipal,Pampachica,tile,NA,"clorox, bolivar",sodium hypochlorite,NA,NA,NA,NA,NA,NA,NA,NA,NA,SM-4WZYI,0.33047,807,y,Peru2012,0.003059924,5.087418516,113,Plate3_RB6_01_10256
Iqu.808.bath,floor,2012,Iquitos,Iquitos,NA,NA,NA,GAGCGTATCCAT,CCGGACTACHVGGGTWTCTAAT,yes,yes,yes,49091,62376,87787,98493,80550,94381,floor,house,NA,21,NA,NA,27,bathroom,NA,NA,NA,9,0.5,7,0,municipal,Pampachica,tile,NA,"clorox, bolivar",sodium hypochlorite,NA,NA,NA,NA,NA,NA,NA,NA,NA,SM-4WZYU,0.33101,808,y,Peru2012,0.010226318,4.784172925,122,Plate3_RB7_01_10257
Iqu.810.bedr,wall,2012,Iquitos,Iquitos,NA,NA,NA,ATTCGGTAGTGC,CCGGACTACHVGGGTWTCTAAT,yes,yes,yes,16797,0,0,10013,11813,28034,wall,house,NA,21,NA,NA,27,bedroom,NA,NA,NA,9,0.5,7,0,municipal,Pampachica,painted wall,NA,"clorox, bolivar",sodium hypochlorite,NA,NA,NA,NA,NA,NA,NA,NA,NA,SM-4WZWT,0.3273,810,y,Peru2012,0.002840779,5.434404226,117,Plate3_RB8_01_10258
Iqu.811.bedr,floor,2012,Iquitos,Iquitos,NA,NA,NA,TGTGGCTCGTGT,CCGGACTACHVGGGTWTCTAAT,yes,yes,yes,34253,1,0,130944,116313,66558,floor,house,NA,21,NA,NA,27,bedroom,NA,NA,NA,9,0.5,7,0,municipal,Pampachica,cement,NA,"clorox, bolivar",sodium hypochlorite,NA,NA,NA,NA,NA,NA,NA,NA,NA,SM-4WZX6,0.3278,811,y,Peru2012,0.005503753,5.519005715,127,Plate3_RB9_01_10259
Iqu.812.livi,wall,2012,Iquitos,Iquitos,NA,NA,NA,CAACGTGCTCCA,CCGGACTACHVGGGTWTCTAAT,yes,yes,yes,15994,0,0,7531,692,24246,wall,house,NA,21,NA,NA,27,living,NA,NA,NA,9,0.5,7,0,municipal,Pampachica,painted wall,NA,"clorox, bolivar",sodium hypochlorite,NA,NA,NA,NA,NA,NA,NA,NA,NA,SM-4WZXI,0.32861,812,y,Peru2012,0.000975641,4.808427159,112,Plate3_RB10_01_10260
Iqu.813.livi,floor,2012,Iquitos,Iquitos,NA,NA,NA,AGCGTAATTAGC,CCGGACTACHVGGGTWTCTAAT,yes,yes,yes,50582,0,0,26322,26821,95126,floor,house,NA,21,NA,NA,27,living,NA,NA,NA,9,0.5,7,0,municipal,Pampachica,tile,NA,"clorox, bolivar",sodium hypochlorite,NA,NA,NA,NA,NA,NA,NA,NA,NA,SM-4WZXU,0.32949,813,y,Peru2012,0.003940973,5.331560751,120,Plate3_RB11_01_10261
Iqu.859.kitc,wall,2012,Iquitos,Iquitos,NA,NA,NA,ACCTTACACCTT,CCGGACTACHVGGGTWTCTAAT,yes,yes,yes,42786,38489,76981,9786,7429,69409,wall,house,NA,23,NA,NA,22,kitchen,NA,NA,NA,7,0.5,7,1,municipal,Pampachica,tile,NA,unknown,unknown,NA,NA,NA,NA,NA,NA,NA,NA,NA,SM-4WZZ8,0.3317,859,y,Peru2012,0.003334363,4.794354771,106,Plate3_RB12_01_10262
Iqu.860.kitc,floor,2012,Iquitos,Iquitos,NA,NA,NA,CGAGCTGTTACC,CCGGACTACHVGGGTWTCTAAT,yes,yes,yes,38431,13401,25860,9062,5432,72429,floor,house,NA,23,NA,NA,22,kitchen,NA,NA,NA,7,0.5,7,1,municipal,Pampachica,wood,NA,unknown,unknown,NA,NA,NA,NA,NA,NA,NA,NA,NA,SM-4WZWU,0.32733,860,y,Peru2012,0.001776917,5.143176006,112,Plate3_RC1_01_10265
Iqu.866.kitc,wall,2012,Iquitos,Iquitos,NA,NA,NA,GAGAGTCCACTT,CCGGACTACHVGGGTWTCTAAT,yes,yes,yes,58704,47445,43692,727,337,97749,wall,house,NA,22,NA,NA,27,kitchen,NA,NA,NA,4,10,7,1,municipal,Pampachica,tile,NA,"poett, clorox","ethyl alchol, sodium hypochlorite",NA,NA,NA,NA,NA,NA,NA,NA,NA,SM-4WZYK,0.33054,866,y,Peru2012,0.004555493,5.138735356,118,Plate3_RC2_01_10266
Iqu.867.kitc,floor,2012,Iquitos,Iquitos,NA,NA,NA,GATCTCTGGGTA,CCGGACTACHVGGGTWTCTAAT,yes,yes,yes,64261,39668,73159,93833,109900,128244,floor,house,NA,22,NA,NA,27,kitchen,NA,NA,NA,4,10,7,1,municipal,Pampachica,tile,NA,"poett, clorox","ethyl alchol, sodium hypochlorite",NA,NA,NA,NA,NA,NA,NA,NA,NA,SM-4WZYW,0.33122,867,y,Peru2012,0.019816064,4.917152335,132,Plate3_RC3_01_10267
Iqu.870.bath,wall,2012,Iquitos,Iquitos,NA,NA,NA,TGCACGTGATAA,CCGGACTACHVGGGTWTCTAAT,yes,yes,yes,10945,8786,13337,0,1,12150,wall,house,NA,22,NA,NA,27,bathroom,NA,NA,NA,4,10,7,1,municipal,Pampachica,painted plaster,NA,"poett, clorox","ethyl alchol, sodium hypochlorite",NA,NA,NA,NA,NA,NA,NA,NA,NA,SM-4WZX8,0.32789,870,y,Peru2012,0.002297965,5.157706071,113,Plate3_RC4_01_10268
Iqu.871.bath,floor,2012,Iquitos,Iquitos,NA,NA,NA,GCGTCCATGAAT,CCGGACTACHVGGGTWTCTAAT,yes,yes,yes,44164,0,0,35184,14465,73664,floor,house,NA,22,NA,NA,27,bathroom,NA,NA,NA,4,10,7,1,municipal,Pampachica,ceramic,NA,"poett, clorox","ethyl alchol, sodium hypochlorite",NA,NA,NA,NA,NA,NA,NA,NA,NA,SM-4WZXK,0.32878,871,y,Peru2012,0.005397369,5.284322232,112,Plate3_RC5_01_10269
Iqu.873.bedr,wall,2012,Iquitos,Iquitos,NA,NA,NA,AGGTCCAAATCA,CCGGACTACHVGGGTWTCTAAT,yes,yes,yes,0,1,0,408,205,1,wall,house,NA,22,NA,NA,27,bedroom,NA,NA,NA,4,10,7,1,municipal,Pampachica,painted plaster,NA,"poett, clorox","ethyl alchol, sodium hypochlorite",NA,NA,NA,NA,NA,NA,NA,NA,NA,SM-4WZY9,0.33016,873,y,Peru2012,0.000993117,5.049510958,117,Plate3_RC6_01_10270
Iqu.874.bedr,floor,2012,Iquitos,Iquitos,NA,NA,NA,GAACGGGACGTA,CCGGACTACHVGGGTWTCTAAT,yes,yes,yes,53267,0,0,0,0,88633,floor,house,NA,22,NA,NA,27,bedroom,NA,NA,NA,4,10,7,1,municipal,Pampachica,tile,NA,"poett, clorox","ethyl alchol, sodium hypochlorite",NA,NA,NA,NA,NA,NA,NA,NA,NA,SM-4WZYL,0.33056,874,y,Peru2012,0.005080272,5.228629489,114,Plate3_RC7_01_10271
Iqu.875.livi,wall,2012,Iquitos,Iquitos,NA,NA,NA,CATCATACGGGT,CCGGACTACHVGGGTWTCTAAT,yes,yes,yes,0,20679,35982,15073,2382,1,wall,house,NA,22,NA,NA,27,living,NA,NA,NA,4,10,7,1,municipal,Pampachica,painted plaster,NA,"poett, clorox","ethyl alchol, sodium hypochlorite",NA,NA,NA,NA,NA,NA,NA,NA,NA,SM-4WZYX,0.33129,875,y,Peru2012,0.001002459,4.916490718,110,Plate3_RC8_01_10272
Iqu.876.livi,floor,2012,Iquitos,Iquitos,NA,NA,NA,CGCATTTGGATG,CCGGACTACHVGGGTWTCTAAT,yes,yes,yes,81308,31263,51542,84538,51146,150362,floor,house,NA,22,NA,NA,27,living,NA,NA,NA,4,10,7,1,municipal,Pampachica,tile,NA,"poett, clorox","ethyl alchol, sodium hypochlorite",NA,NA,NA,NA,NA,NA,NA,NA,NA,SM-4WZZA,0.33178,876,y,Peru2012,0.009148344,4.749188212,113,Plate3_RC9_01_10273
Iqu.943.bath,wall,2012,Iquitos,Iquitos,NA,NA,NA,GTTCGGTGTCCA,CCGGACTACHVGGGTWTCTAAT,yes,yes,yes,33491,40626,79066,103444,48193,57283,wall,house,NA,23,NA,NA,22,bathroom,NA,NA,NA,7,0.5,7,1,municipal,Pampachica,ceramic,NA,unknown,unknown,NA,NA,NA,NA,NA,NA,NA,NA,NA,SM-4WZX9,0.32792,943,y,Peru2012,0.005535601,5.211486067,123,Plate3_RC10_01_10274
Iqu.944.bath,floor,2012,Iquitos,Iquitos,NA,NA,NA,GTAATGCGTAAC,CCGGACTACHVGGGTWTCTAAT,yes,yes,yes,50202,75966,132537,50163,16639,91062,floor,house,NA,23,NA,NA,22,bathroom,NA,NA,NA,7,0.5,7,1,municipal,Pampachica,painted cement,NA,unknown,unknown,NA,NA,NA,NA,NA,NA,NA,NA,NA,SM-4WZXL,0.32882,944,y,Peru2012,0.001606973,5.296471828,115,Plate3_RC11_01_10275
Iqu.946.bedr,wall,2012,Iquitos,Iquitos,NA,NA,NA,ACCGTGCTCACA,CCGGACTACHVGGGTWTCTAAT,yes,yes,yes,18881,20280,33971,64669,3016,28905,wall,house,NA,23,NA,NA,22,bedroom,NA,NA,NA,7,0.5,7,1,municipal,Pampachica,painted plaster,NA,unknown,unknown,NA,NA,NA,NA,NA,NA,NA,NA,NA,SM-4WZYA,0.3302,946,y,Peru2012,0.002152911,5.1707911,108,Plate3_RC12_01_10276
Iqu.947.bedr,floor,2012,Iquitos,Iquitos,NA,NA,NA,ACGTGTAGGCTT,CCGGACTACHVGGGTWTCTAAT,yes,yes,yes,61435,77855,96428,150752,120998,117399,floor,house,NA,23,NA,NA,22,bedroom,NA,NA,NA,7,0.5,7,1,municipal,Pampachica,painted cement,NA,unknown,unknown,NA,NA,NA,NA,NA,NA,NA,NA,NA,SM-4WZYM,0.3306,947,y,Peru2012,0.002268908,5.081977418,112,Plate3_RD1_01_10277
Iqu.948.livi,wall,2012,Iquitos,Iquitos,NA,NA,NA,TACGGATTATGG,CCGGACTACHVGGGTWTCTAAT,yes,yes,yes,30160,3577,5053,26069,11346,47692,wall,house,NA,23,NA,NA,22,living,NA,NA,NA,7,0.5,7,1,municipal,Pampachica,painted plaster,NA,unknown,unknown,NA,NA,NA,NA,NA,NA,NA,NA,NA,SM-4WZYY,0.33131,948,y,Peru2012,0.000906494,5.096393226,117,Plate3_RD2_01_10278
Iqu.949.livi,floor,2012,Iquitos,Iquitos,NA,NA,NA,ATAACATGTGCG,CCGGACTACHVGGGTWTCTAAT,yes,yes,yes,56912,33242,55964,101340,53470,114622,floor,house,NA,23,NA,NA,22,living,NA,NA,NA,7,0.5,7,1,municipal,Pampachica,painted cement,NA,unknown,unknown,NA,NA,NA,NA,NA,NA,NA,NA,NA,SM-4WZZB,0.33181,949,y,Peru2012,0.002634959,5.354356122,114,Plate3_RD3_01_10279
Iqu.953.kitc,wall,2012,Iquitos,Iquitos,NA,NA,NA,GGTTTAACACGC,CCGGACTACHVGGGTWTCTAAT,yes,yes,yes,32804,0,0,0,0,52685,wall,house,NA,24,NA,NA,26,kitchen,NA,NA,NA,5,5,7,0,municipal,Centro,tile,NA,unknown,unknown,NA,NA,NA,NA,NA,NA,NA,NA,NA,SM-4WZXY,0.32964,953,y,Peru2012,0.001242804,4.879579953,115,Plate3_RD4_01_10280
Iqu.954.kitc,floor,2012,Iquitos,Iquitos,NA,NA,NA,CTCCCTTTGTGT,CCGGACTACHVGGGTWTCTAAT,yes,yes,yes,64086,52781,96064,253402,94584,108755,floor,house,NA,24,NA,NA,26,kitchen,NA,NA,NA,5,5,7,0,municipal,Centro,tile,NA,unknown,unknown,NA,NA,NA,NA,NA,NA,NA,NA,NA,SM-4WZYB,0.33022,954,y,Peru2012,0.001049858,5.414377851,121,Plate3_RD5_01_10281
Iqu.957.bath,wall,2012,Iquitos,Iquitos,NA,NA,NA,CTTGAGAAATCG,CCGGACTACHVGGGTWTCTAAT,yes,yes,yes,0,1,0,34,57,2,wall,house,NA,24,NA,NA,26,bathroom,NA,NA,NA,5,5,7,0,municipal,Centro,tile,NA,unknown,unknown,NA,NA,NA,NA,NA,NA,NA,NA,NA,SM-4WZZC,0.3319,957,y,Peru2012,0.002205756,5.309616967,116,Plate3_RD6_01_10282
Iqu.958.bath,floor,2012,Iquitos,Iquitos,NA,NA,NA,GTCTTCAGCAAG,CCGGACTACHVGGGTWTCTAAT,yes,yes,yes,30799,46761,66009,24723,12304,62383,floor,house,NA,24,NA,NA,26,bathroom,NA,NA,NA,5,5,7,0,municipal,Centro,tile,NA,unknown,unknown,NA,NA,NA,NA,NA,NA,NA,NA,NA,SM-4WZWY,0.32744,958,y,Peru2012,0.000615212,5.240836206,110,Plate3_RD7_01_10283
Iqu.960.bedr,wall,2012,Iquitos,Iquitos,NA,NA,NA,GGAATCCGATTA,CCGGACTACHVGGGTWTCTAAT,yes,yes,yes,23344,55500,101069,25264,15456,32191,wall,house,NA,24,NA,NA,26,bedroom,NA,NA,NA,5,5,7,0,municipal,Centro,painted plaster,NA,unknown,unknown,NA,NA,NA,NA,NA,NA,NA,NA,NA,SM-4WZXN,0.32917,960,y,Peru2012,0.001297604,5.754520368,123,Plate3_RD8_01_10284
Iqu.961.bedr,floor,2012,Iquitos,Iquitos,NA,NA,NA,AGACAGTAGGAG,CCGGACTACHVGGGTWTCTAAT,yes,yes,yes,39588,70755,129110,127197,106283,73787,floor,house,NA,24,NA,NA,26,bedroom,NA,NA,NA,5,5,7,0,municipal,Centro,tile,NA,unknown,unknown,NA,NA,NA,NA,NA,NA,NA,NA,NA,SM-4WZXZ,0.32966,961,y,Peru2012,0.00078947,5.186646374,121,Plate3_RD9_01_10285
Iqu.962.livi,wall,2012,Iquitos,Iquitos,NA,NA,NA,AGCTGCACCTAA,CCGGACTACHVGGGTWTCTAAT,yes,yes,yes,53445,13060,106269,28811,22898,81111,wall,house,NA,24,NA,NA,26,living,NA,NA,NA,5,5,7,0,municipal,Centro,painted plaster,NA,unknown,unknown,NA,NA,NA,NA,NA,NA,NA,NA,NA,SM-4WZYC,0.33022,962,y,Peru2012,0.003811195,5.342224524,123,Plate3_RD10_01_10286
Iqu.963.livi,floor,2012,Iquitos,Iquitos,NA,NA,NA,ACTGACTTAAGG,CCGGACTACHVGGGTWTCTAAT,yes,yes,yes,69191,8438,60775,93374,74709,118244,floor,house,NA,24,NA,NA,26,living,NA,NA,NA,5,5,7,0,municipal,Centro,tile,NA,unknown,unknown,NA,NA,NA,NA,NA,NA,NA,NA,NA,SM-4WZYO,0.33078,963,y,Peru2012,0.00081186,5.304312247,117,Plate3_RD11_01_10287
Iqu.985.kitc,wall,2012,Iquitos,Iquitos,NA,NA,NA,TTCTCCATCACA,CCGGACTACHVGGGTWTCTAAT,yes,yes,yes,42837,60352,80459,48973,21864,72946,wall,house,NA,25,NA,NA,23,kitchen,NA,NA,NA,6,24,NA,0,municipal,Pampachica,tile,NA,unknown,unknown,NA,NA,NA,NA,NA,NA,NA,NA,NA,SM-4WZXC,0.32807,985,y,Peru2012,0.001452055,4.84241814,106,Plate3_RD12_01_10288
Iqu.986.kitc,floor,2012,Iquitos,Iquitos,NA,NA,NA,CACCCGATGGTT,CCGGACTACHVGGGTWTCTAAT,yes,yes,yes,37865,78238,102627,82467,56595,76334,floor,house,NA,25,NA,NA,23,kitchen,NA,NA,NA,6,24,NA,0,municipal,Pampachica,cement,NA,unknown,unknown,NA,NA,NA,NA,NA,NA,NA,NA,NA,SM-4WZXO,0.32922,986,y,Peru2012,0.002207928,5.718063918,127,Plate3_RE1_01_10291
Iqu.989.bath,wall,2012,Iquitos,Iquitos,NA,NA,NA,GATGCTGCCGTT,CCGGACTACHVGGGTWTCTAAT,yes,yes,yes,40469,19874,40558,28801,8929,74147,wall,house,NA,25,NA,NA,23,bathroom,NA,NA,NA,6,24,NA,0,municipal,Pampachica,painted wall,NA,unknown,unknown,NA,NA,NA,NA,NA,NA,NA,NA,NA,SM-4WZYP,0.33087,989,y,Peru2012,0.001528414,4.945635467,114,Plate3_RE2_01_10292
Iqu.993.bedr,wall,2012,Iquitos,Iquitos,NA,NA,NA,TCTGAGGTTGCC,CCGGACTACHVGGGTWTCTAAT,yes,yes,yes,10736,0,0,0,0,10462,wall,house,NA,25,NA,NA,23,bedroom,NA,NA,NA,6,24,NA,0,municipal,Pampachica,painted wall,NA,unknown,unknown,NA,NA,NA,NA,NA,NA,NA,NA,NA,SM-55C2V,0.48075,993,y,Peru2012,0.001103415,4.859672151,121,Plate3_RE3_01_10293
Iqu.994.bedr,floor,2012,Iquitos,Iquitos,NA,NA,NA,TCCAACTGCAGA,CCGGACTACHVGGGTWTCTAAT,yes,yes,yes,46385,1,0,0,0,87408,floor,house,NA,25,NA,NA,23,bedroom,NA,NA,NA,6,24,NA,0,municipal,Pampachica,cement,NA,unknown,unknown,NA,NA,NA,NA,NA,NA,NA,NA,NA,SM-55C38,0.49855,994,y,Peru2012,0.001795997,5.3970592,125,Plate3_RE4_01_10294
Iqu.995.livi,wall,2012,Iquitos,Iquitos,NA,NA,NA,ATAATTGCCGAG,CCGGACTACHVGGGTWTCTAAT,yes,yes,yes,8511,294,305,0,0,3567,wall,house,NA,25,NA,NA,23,living,NA,NA,NA,6,24,NA,0,municipal,Pampachica,painted wall,NA,unknown,unknown,NA,NA,NA,NA,NA,NA,NA,NA,NA,SM-55C3K,0.52249,995,y,Peru2012,0.000772638,4.941645737,110,Plate3_RE5_01_10295
Iqu.996.livi,floor,2012,Iquitos,Iquitos,NA,NA,NA,GAGATCGCCTAT,CCGGACTACHVGGGTWTCTAAT,yes,yes,yes,41742,52705,108461,55654,25693,70495,floor,house,NA,25,NA,NA,23,living,NA,NA,NA,6,24,NA,0,municipal,Pampachica,vinyl,NA,unknown,unknown,NA,NA,NA,NA,NA,NA,NA,NA,NA,SM-55C3W,0.5467,996,y,Peru2012,0.002040972,5.700441066,127,Plate3_RE6_01_10296
Man.3100.kitc,wall,2013,Manaus,Manaus middle,middle,NA,NA,CAACGCTAGAAT,GTGTGCCAGCMGCCGCGGTAA,yes,no,no,36129,NA,NA,NA,NA,49239,wall,house,NA,60,NA,NA,6,kitchen,NA,NA,NA,5,2,3,0,municipal,NA,tile,NA,NA,NA,NA,NA,NA,NA,NA,NA,NA,NA,NA,NA,NA,NA,NA,Manaus2013,0.018472941,5.257879213,140,Plate4_RG10_01_10429
Man.3101.kitc,floor,2013,Manaus,Manaus middle,middle,NA,NA,CTAGGATCACTG,GTGTGCCAGCMGCCGCGGTAA,yes,yes,no,13817,11666,17533,NA,NA,17156,floor,house,NA,60,NA,NA,1,kitchen,NA,NA,NA,2,15,7,2,municipal,NA,tile,NA,NA,NA,NA,NA,NA,NA,NA,NA,NA,NA,NA,NA,NA,NA,NA,Manaus2013,0.008276761,5.714361563,139,Plate4_RG11_01_10430
Man.3104.bath,wall,2013,Manaus,Manaus middle,middle,NA,NA,CATAAGGGAGGC,GTGTGCCAGCMGCCGCGGTAA,yes,no,no,69550,NA,NA,NA,NA,97433,wall,house,NA,60,NA,NA,6,bathroom,NA,NA,NA,5,2,3,0,municipal,NA,tile,NA,NA,NA,NA,NA,NA,NA,NA,NA,NA,NA,NA,NA,NA,NA,NA,Manaus2013,0.004342904,5.608327846,129,Plate4_RG12_01_10431
Man.3105.bath,floor,2013,Manaus,Manaus middle,middle,NA,NA,TTGGATTGAACG,GTGTGCCAGCMGCCGCGGTAA,yes,yes,no,18845,1,0,NA,NA,27720,floor,house,NA,60,NA,NA,1,bathroom,NA,NA,NA,2,15,7,2,municipal,NA,tile,NA,NA,NA,NA,NA,NA,NA,NA,NA,NA,NA,NA,NA,NA,NA,NA,Manaus2013,0.014841854,5.441525986,137,Plate4_RH1_01_10432
Man.3107.bedr,wall,2013,Manaus,Manaus middle,middle,NA,NA,AAGAGTCTCTAG,GTGTGCCAGCMGCCGCGGTAA,yes,no,no,136810,NA,NA,NA,NA,2992,wall,house,NA,60,NA,NA,6,bedroom,NA,NA,NA,5,2,3,0,municipal,NA,painted plaster,NA,NA,NA,NA,NA,NA,NA,NA,NA,NA,NA,NA,NA,NA,NA,NA,Manaus2013,0.001852442,5.770210009,136,Plate4_RH2_01_10433
Man.3108.bedr,floor,2013,Manaus,Manaus middle,middle,NA,NA,CCTCTGAGAGCT,GTGTGCCAGCMGCCGCGGTAA,yes,yes,no,24219,0,0,NA,NA,31966,floor,house,NA,60,NA,NA,1,bedroom,NA,NA,NA,2,15,7,2,municipal,NA,tile,NA,NA,NA,NA,NA,NA,NA,NA,NA,NA,NA,NA,NA,NA,NA,NA,Manaus2013,0.017092863,5.257025624,138,Plate4_RH3_01_10434
Man.3109.livi,wall,2013,Manaus,Manaus middle,middle,NA,NA,CGATGAATATCG,GTGTGCCAGCMGCCGCGGTAA,yes,no,no,12453,NA,NA,NA,NA,16503,wall,house,NA,60,NA,NA,6,living,NA,NA,NA,5,2,3,0,municipal,NA,painted plaster,NA,NA,NA,NA,NA,NA,NA,NA,NA,NA,NA,NA,NA,NA,NA,NA,Manaus2013,0.00098643,5.633917925,134,Plate4_RH4_01_10435
Man.3110.livi,floor,2013,Manaus,Manaus middle,middle,NA,NA,ATGGCCTGACTA,GTGTGCCAGCMGCCGCGGTAA,yes,yes,no,13748,9029,18355,NA,NA,19746,floor,house,NA,60,NA,NA,1,living,NA,NA,NA,2,15,7,2,municipal,NA,carpet nylon,NA,NA,NA,NA,NA,NA,NA,NA,NA,NA,NA,NA,NA,NA,NA,NA,Manaus2013,0.005021287,5.552085422,139,Plate4_RH5_01_10436
Man.3128.kitc,wall,2013,Manaus,Manaus low,low,NA,NA,CTATGCCGGCTA,GTGTGCCAGCMGCCGCGGTAA,yes,no,no,24978,NA,NA,NA,NA,29989,wall,house,NA,61,NA,NA,6,kitchen,NA,NA,NA,5,2,3,0,municipal,NA,clay block,NA,NA,NA,NA,NA,NA,NA,NA,NA,NA,NA,NA,NA,NA,NA,NA,Manaus2013,0.000963002,5.4322748,129,Plate4_RH6_01_10437
Man.3129.kitc,floor,2013,Manaus,Manaus low,low,NA,NA,AGCAGGCACGAA,GTGTGCCAGCMGCCGCGGTAA,yes,yes,no,120035,3341,15054,NA,NA,189661,floor,house,NA,61,NA,NA,1,kitchen,NA,NA,NA,2,15,7,2,municipal,NA,cement,NA,NA,NA,NA,NA,NA,NA,NA,NA,NA,NA,NA,NA,NA,NA,NA,Manaus2013,0.007184269,5.751413831,136,Plate4_RH7_01_10438
Man.3132.bath,wall,2013,Manaus,Manaus low,low,NA,NA,CTTGGAGGCTTA,GTGTGCCAGCMGCCGCGGTAA,yes,no,no,93528,NA,NA,NA,NA,155066,wall,house,NA,61,NA,NA,6,bathroom,NA,NA,NA,5,2,3,0,municipal,NA,clay block,NA,NA,NA,NA,NA,NA,NA,NA,NA,NA,NA,NA,NA,NA,NA,NA,Manaus2013,0.001052052,5.611684824,137,Plate4_RH8_01_10439
Man.3133.bath,floor,2013,Manaus,Manaus low,low,NA,NA,TCGGCGATCATC,GTGTGCCAGCMGCCGCGGTAA,yes,yes,no,132960,17520,18378,NA,NA,195846,floor,house,NA,61,NA,NA,1,bathroom,NA,NA,NA,2,15,7,2,municipal,NA,cement,NA,NA,NA,NA,NA,NA,NA,NA,NA,NA,NA,NA,NA,NA,NA,NA,Manaus2013,0.011772812,5.256135201,124,Plate4_RH9_01_10440
Man.3136.bedr,floor,2013,Manaus,Manaus low,low,NA,NA,TAGCAGTTGCGT,GTGTGCCAGCMGCCGCGGTAA,yes,yes,no,62822,8380,11562,NA,NA,100975,floor,house,NA,61,NA,NA,1,bedroom,NA,NA,NA,2,15,7,2,municipal,NA,cement,NA,NA,NA,NA,NA,NA,NA,NA,NA,NA,NA,NA,NA,NA,NA,NA,Manaus2013,0.002466898,5.546039813,134,Plate4_RH10_01_10441
Man.3137.livi,wall,2013,Manaus,Manaus low,low,NA,NA,AAGAGCAGAGCC,GTGTGCCAGCMGCCGCGGTAA,yes,no,no,26585,NA,NA,NA,NA,37791,wall,house,NA,61,NA,NA,6,living,NA,NA,NA,3,2,3,0,municipal,NA,clay block,NA,NA,NA,NA,NA,NA,NA,NA,NA,NA,NA,NA,NA,NA,NA,NA,Manaus2013,0.000796026,4.891792005,126,Plate4_RH11_01_10442
Man.3138.livi,floor,2013,Manaus,Manaus low,low,NA,NA,GTCATGCTCCAG,GTGTGCCAGCMGCCGCGGTAA,yes,yes,no,111842,13699,24519,NA,NA,185204,floor,house,NA,61,NA,NA,1,living,NA,NA,NA,2,15,7,2,municipal,NA,cement,NA,NA,NA,NA,NA,NA,NA,NA,NA,NA,NA,NA,NA,NA,NA,NA,Manaus2013,0.009595467,5.665065566,143,Plate4_RH12_01_10443
Man.3190.kitc,wall,2013,Manaus,Manaus low,low,NA,NA,ATCAGAGCCCAT,GTGTGCCAGCMGCCGCGGTAA,yes,no,no,58259,NA,NA,NA,NA,106225,wall,house,NA,62,NA,NA,6,kitchen,NA,NA,NA,3,2,3,0,municipal,NA,clay block,NA,NA,NA,NA,NA,NA,NA,NA,NA,NA,NA,NA,NA,NA,NA,NA,Manaus2013,0.00071422,5.654045169,128,Plate5_RA1_01_10456
Man.3191.kitc,floor,2013,Manaus,Manaus low,low,NA,NA,GATGACCCAAAT,GTGTGCCAGCMGCCGCGGTAA,yes,yes,no,22381,8793,12763,NA,NA,35815,floor,house,NA,62,NA,NA,1,kitchen,NA,NA,NA,2,15,7,2,municipal,NA,cement,NA,NA,NA,NA,NA,NA,NA,NA,NA,NA,NA,NA,NA,NA,NA,NA,Manaus2013,0.002598245,5.593418936,134,Plate5_RA2_01_10457
Man.3194.bath,wall,2013,Manaus,Manaus low,low,NA,NA,TGTGTTACTCCT,GTGTGCCAGCMGCCGCGGTAA,yes,no,no,83480,NA,NA,NA,NA,139783,wall,house,NA,62,NA,NA,6,bathroom,NA,NA,NA,3,2,3,0,municipal,NA,cement,NA,NA,NA,NA,NA,NA,NA,NA,NA,NA,NA,NA,NA,NA,NA,NA,Manaus2013,0.00080304,5.274457405,130,Plate5_RA3_01_10458
Man.3195.bath,floor,2013,Manaus,Manaus low,low,NA,NA,GATATACCAGTG,GTGTGCCAGCMGCCGCGGTAA,yes,yes,no,198059,20760,23259,NA,NA,330201,floor,house,NA,62,NA,NA,1,bathroom,NA,NA,NA,2,15,7,2,municipal,NA,cement,NA,NA,NA,NA,NA,NA,NA,NA,NA,NA,NA,NA,NA,NA,NA,NA,Manaus2013,0.001277592,5.578627978,131,Plate5_RA4_01_10459
Man.3197.bedr,wall,2013,Manaus,Manaus low,low,NA,NA,TCCGTCATGGGT,GTGTGCCAGCMGCCGCGGTAA,yes,no,no,54129,NA,NA,NA,NA,18262,wall,house,NA,62,NA,NA,6,bedroom,NA,NA,NA,3,2,3,0,municipal,NA,clay block,NA,NA,NA,NA,NA,NA,NA,NA,NA,NA,NA,NA,NA,NA,NA,NA,Manaus2013,0.000769098,5.269886624,118,Plate5_RA5_01_10460
Man.3198.bedr,floor,2013,Manaus,Manaus low,low,NA,NA,CCTCGATGCAGT,GTGTGCCAGCMGCCGCGGTAA,yes,yes,no,53614,3513,5842,NA,NA,85870,floor,house,NA,62,NA,NA,1,bedroom,NA,NA,NA,2,15,7,2,municipal,NA,cement,NA,NA,NA,NA,NA,NA,NA,NA,NA,NA,NA,NA,NA,NA,NA,NA,Manaus2013,0.001754503,5.589692359,128,Plate5_RA6_01_10461
Man.3218.kitc,wall,2013,Manaus,Manaus middle,middle,NA,NA,GTCAATTAGTGG,GTGTGCCAGCMGCCGCGGTAA,yes,no,no,67797,NA,NA,NA,NA,98796,wall,house,NA,63,NA,NA,6,kitchen,NA,NA,NA,3,2,3,0,municipal,NA,ceramic,NA,NA,NA,NA,NA,NA,NA,NA,NA,NA,NA,NA,NA,NA,NA,NA,Manaus2013,0.005249547,5.50214926,133,Plate5_RA7_01_10462
Man.3219.kitc,floor,2013,Manaus,Manaus middle,middle,NA,NA,ACGCACATACAA,GTGTGCCAGCMGCCGCGGTAA,yes,yes,no,147735,12413,20155,NA,NA,236254,floor,house,NA,63,NA,NA,1,kitchen,NA,NA,NA,2,15,7,2,municipal,NA,ceramic,NA,NA,NA,NA,NA,NA,NA,NA,NA,NA,NA,NA,NA,NA,NA,NA,Manaus2013,0.014569352,5.638685046,137,Plate5_RA8_01_10463
Man.3222.bath,floor,2013,Manaus,Manaus middle,middle,NA,NA,TACGCAGCACTA,GTGTGCCAGCMGCCGCGGTAA,yes,yes,no,15304,9539,15679,NA,NA,23030,floor,house,NA,63,NA,NA,1,bathroom,NA,NA,NA,2,15,7,2,municipal,NA,ceramic,NA,NA,NA,NA,NA,NA,NA,NA,NA,NA,NA,NA,NA,NA,NA,NA,Manaus2013,0.013580706,5.537560825,131,Plate5_RA9_01_10464
Man.3223.bath,wall,2013,Manaus,Manaus middle,middle,NA,NA,GTGGTATGGGAG,GTGTGCCAGCMGCCGCGGTAA,yes,no,no,61877,NA,NA,NA,NA,88709,wall,house,NA,63,NA,NA,6,bathroom,NA,NA,NA,3,2,3,0,municipal,NA,ceramic,NA,NA,NA,NA,NA,NA,NA,NA,NA,NA,NA,NA,NA,NA,NA,NA,Manaus2013,0.009343284,5.35701135,132,Plate5_RA10_01_10465
Man.3226.bedr,floor,2013,Manaus,Manaus middle,middle,NA,NA,GTTTCACGCGAA,GTGTGCCAGCMGCCGCGGTAA,yes,yes,no,89482,7638,12696,NA,NA,130791,floor,house,NA,63,NA,NA,1,bedroom,NA,NA,NA,2,15,7,2,municipal,NA,ceramic,NA,NA,NA,NA,NA,NA,NA,NA,NA,NA,NA,NA,NA,NA,NA,NA,Manaus2013,0.008589379,5.683968041,136,Plate5_RA12_01_10467
Man.3227.livi,wall,2013,Manaus,Manaus middle,middle,NA,NA,GAACCTATGACA,GTGTGCCAGCMGCCGCGGTAA,yes,no,no,50635,NA,NA,NA,NA,71091,wall,house,NA,63,NA,NA,6,living,NA,NA,NA,3,2,3,0,municipal,NA,ceramic,NA,NA,NA,NA,NA,NA,NA,NA,NA,NA,NA,NA,NA,NA,NA,NA,Manaus2013,0.003754704,5.678118748,133,Plate5_RB1_01_10470
Man.3228.livi,floor,2013,Manaus,Manaus middle,middle,NA,NA,CACGCTATTGGA,GTGTGCCAGCMGCCGCGGTAA,yes,yes,no,32126,6686,12928,NA,NA,50990,floor,house,NA,63,NA,NA,1,living,NA,NA,NA,2,15,7,2,municipal,NA,ceramic,NA,NA,NA,NA,NA,NA,NA,NA,NA,NA,NA,NA,NA,NA,NA,NA,Manaus2013,0.011790191,5.531490757,133,Plate5_RB2_01_10471
Man.3235.bedr,wall,2013,Manaus,Manaus low,low,NA,NA,CATGCGGATCCT,GTGTGCCAGCMGCCGCGGTAA,yes,yes,no,26,402,886,NA,NA,72,wall,house,NA,63,NA,NA,2,bedroom,NA,NA,NA,8,10,7,1,municipal,NA,clay block,NA,NA,NA,NA,NA,NA,NA,NA,NA,NA,NA,NA,NA,NA,NA,NA,Manaus2013,0.000292807,4.963252138,116,Plate5_RB3_01_10472
Man.3249.kitc,wall,2013,Manaus,Manaus low,low,NA,NA,GGAGAGATCACG,GTGTGCCAGCMGCCGCGGTAA,yes,no,no,118892,NA,NA,NA,NA,179327,wall,house,NA,64,NA,NA,6,kitchen,NA,NA,NA,3,2,3,0,municipal,NA,cement,NA,NA,NA,NA,NA,NA,NA,NA,NA,NA,NA,NA,NA,NA,NA,NA,Manaus2013,0.001310364,5.519395,123,Plate5_RB4_01_10473
Man.3250.kitc,floor,2013,Manaus,Manaus low,low,NA,NA,CCTAGTAAGCTG,GTGTGCCAGCMGCCGCGGTAA,yes,yes,no,63527,14115,17313,NA,NA,107872,floor,house,NA,64,NA,NA,1,kitchen,NA,NA,NA,2,15,7,2,municipal,NA,cement,NA,NA,NA,NA,NA,NA,NA,NA,NA,NA,NA,NA,NA,NA,NA,NA,Manaus2013,0.001052742,5.452109098,120,Plate5_RB5_01_10474
Man.3253.bath,wall,2013,Manaus,Manaus low,low,NA,NA,TCTGTAGAGCCA,GTGTGCCAGCMGCCGCGGTAA,yes,no,no,126070,NA,NA,NA,NA,197959,wall,house,NA,64,NA,NA,6,bathroom,NA,NA,NA,3,2,3,0,municipal,NA,cement,NA,NA,NA,NA,NA,NA,NA,NA,NA,NA,NA,NA,NA,NA,NA,NA,Manaus2013,0.00069983,5.317307168,116,Plate5_RB6_01_10475
Man.3254.bath,floor,2013,Manaus,Manaus low,low,NA,NA,ACCGGAGTAGGA,GTGTGCCAGCMGCCGCGGTAA,yes,yes,no,103290,10128,21505,NA,NA,162300,floor,house,NA,64,NA,NA,1,bathroom,NA,NA,NA,2,15,7,2,municipal,NA,cement,NA,NA,NA,NA,NA,NA,NA,NA,NA,NA,NA,NA,NA,NA,NA,NA,Manaus2013,0.003564492,5.483868201,109,Plate5_RB7_01_10476
Man.3256.bedr,wall,2013,Manaus,Manaus low,low,NA,NA,GGTACCTGCAAT,GTGTGCCAGCMGCCGCGGTAA,yes,no,no,97964,NA,NA,NA,NA,137679,wall,house,NA,64,NA,NA,6,bedroom,NA,NA,NA,3,2,3,0,municipal,NA,wood,NA,NA,NA,NA,NA,NA,NA,NA,NA,NA,NA,NA,NA,NA,NA,NA,Manaus2013,0.001299182,5.599189343,119,Plate5_RB8_01_10477
Man.3257.bedr,floor,2013,Manaus,Manaus low,low,NA,NA,AACAAACTGCCA,GTGTGCCAGCMGCCGCGGTAA,yes,yes,no,122666,18131,25783,NA,NA,204587,floor,house,NA,64,NA,NA,1,bedroom,NA,NA,NA,2,15,7,2,municipal,NA,cement,NA,NA,NA,NA,NA,NA,NA,NA,NA,NA,NA,NA,NA,NA,NA,NA,Manaus2013,0.002188531,5.744988268,128,Plate5_RB9_01_10478
Man.3258.livi,wall,2013,Manaus,Manaus low,low,NA,NA,AGATCTATGCAG,GTGTGCCAGCMGCCGCGGTAA,yes,no,no,82507,NA,NA,NA,NA,103066,wall,house,NA,64,NA,NA,6,living,NA,NA,NA,3,2,3,0,municipal,NA,wood,NA,NA,NA,NA,NA,NA,NA,NA,NA,NA,NA,NA,NA,NA,NA,NA,Manaus2013,0.001996626,5.277160279,127,Plate5_RB10_01_10479
Man.3259.livi,floor,2013,Manaus,Manaus low,low,NA,NA,GCGGACTATTCA,GTGTGCCAGCMGCCGCGGTAA,yes,yes,no,43272,10877,19069,NA,NA,72168,floor,house,NA,64,NA,NA,1,living,NA,NA,NA,2,15,7,2,municipal,NA,cement,NA,NA,NA,NA,NA,NA,NA,NA,NA,NA,NA,NA,NA,NA,NA,NA,Manaus2013,0.001850757,5.338343405,128,Plate5_RB11_01_10480
Man.3290.kitc,wall,2013,Manaus,Manaus middle,middle,NA,NA,AGTACGCAGTCT,GTGTGCCAGCMGCCGCGGTAA,yes,no,no,51658,NA,NA,NA,NA,81097,wall,house,NA,65,NA,NA,6,kitchen,NA,NA,NA,3,2,3,0,municipal,NA,ceramic,NA,NA,NA,NA,NA,NA,NA,NA,NA,NA,NA,NA,NA,NA,NA,NA,Manaus2013,0.025394359,5.125564457,135,Plate5_RB12_01_10481
Man.3291.kitc,floor,2013,Manaus,Manaus middle,middle,NA,NA,TGAGTGGTCTGT,GTGTGCCAGCMGCCGCGGTAA,yes,yes,no,50755,16377,23112,NA,NA,78288,floor,house,NA,65,NA,NA,1,kitchen,NA,NA,NA,2,15,7,2,municipal,NA,ceramic,NA,NA,NA,NA,NA,NA,NA,NA,NA,NA,NA,NA,NA,NA,NA,NA,Manaus2013,0.027439934,4.827959489,125,Plate5_RC1_01_10484
Man.3294.bath,wall,2013,Manaus,Manaus middle,middle,NA,NA,TGTACCAACCGA,GTGTGCCAGCMGCCGCGGTAA,yes,no,no,36578,NA,NA,NA,NA,38907,wall,house,NA,65,NA,NA,6,bathroom,NA,NA,NA,3,2,3,0,municipal,NA,ceramic,NA,NA,NA,NA,NA,NA,NA,NA,NA,NA,NA,NA,NA,NA,NA,NA,Manaus2013,0.008658532,5.336273943,135,Plate5_RC2_01_10485
Man.3295.bath,floor,2013,Manaus,Manaus middle,middle,NA,NA,CGCTTAGTGCTG,GTGTGCCAGCMGCCGCGGTAA,yes,yes,no,0,12928,18875,NA,NA,7,floor,house,NA,65,NA,NA,6,bathroom,NA,NA,NA,4,28,1,0,municipal,NA,ceramic,NA,NA,NA,NA,NA,NA,NA,NA,NA,NA,NA,NA,NA,NA,NA,NA,Manaus2013,0.013800839,4.810188079,135,Plate5_RC3_01_10486
Man.3298.bedr,floor,2013,Manaus,Manaus middle,middle,NA,NA,ACAAGAACCTTG,GTGTGCCAGCMGCCGCGGTAA,yes,yes,no,146840,4627,7032,NA,NA,221892,floor,house,NA,65,NA,NA,6,bedroom,NA,NA,NA,4,28,1,0,municipal,NA,ceramic,NA,NA,NA,NA,NA,NA,NA,NA,NA,NA,NA,NA,NA,NA,NA,NA,Manaus2013,0.013419153,4.919028618,136,Plate5_RC4_01_10487
Man.3299.livi,wall,2013,Manaus,Manaus middle,middle,NA,NA,GACGCTTTGCTG,GTGTGCCAGCMGCCGCGGTAA,yes,no,no,30645,NA,NA,NA,NA,42917,wall,house,NA,65,NA,NA,6,living,NA,NA,NA,3,2,3,0,municipal,NA,plaster,NA,NA,NA,NA,NA,NA,NA,NA,NA,NA,NA,NA,NA,NA,NA,NA,Manaus2013,0.002116866,5.284252562,135,Plate5_RC5_01_10488
Man.3300.livi,floor,2013,Manaus,Manaus middle,middle,NA,NA,AACTTCACTTCC,GTGTGCCAGCMGCCGCGGTAA,yes,yes,no,90285,24108,27458,NA,NA,137277,floor,house,NA,65,NA,NA,6,living,NA,NA,NA,4,28,1,0,municipal,NA,plastic,NA,NA,NA,NA,NA,NA,NA,NA,NA,NA,NA,NA,NA,NA,NA,NA,Manaus2013,0.024130022,4.792893582,128,Plate5_RC6_01_10489
Man.3358.kitc,wall,2013,Manaus,Manaus middle,middle,NA,NA,GCACAAGGCAAG,GTGTGCCAGCMGCCGCGGTAA,yes,no,no,4506,NA,NA,NA,NA,4645,wall,house,NA,66,NA,NA,6,kitchen,NA,NA,NA,5,2,3,0,municipal,NA,ceramic,NA,NA,NA,NA,NA,NA,NA,NA,NA,NA,NA,NA,NA,NA,NA,NA,Manaus2013,0.001418583,5.791198793,124,Plate5_RC7_01_10490
Man.3359.kitc,floor,2013,Manaus,Manaus middle,middle,NA,NA,GATAGCACTCGT,GTGTGCCAGCMGCCGCGGTAA,yes,yes,no,107372,3340,5869,NA,NA,157959,floor,house,NA,66,NA,NA,6,kitchen,NA,NA,NA,4,28,1,0,municipal,NA,ceramic,NA,NA,NA,NA,NA,NA,NA,NA,NA,NA,NA,NA,NA,NA,NA,NA,Manaus2013,0.009120252,5.585908649,136,Plate5_RC8_01_10491
Man.3362.bath,wall,2013,Manaus,Manaus middle,middle,NA,NA,AGCAGCTATTGC,GTGTGCCAGCMGCCGCGGTAA,yes,no,no,23267,NA,NA,NA,NA,31728,wall,house,NA,66,NA,NA,6,bathroom,NA,NA,NA,5,2,3,0,municipal,NA,plaster,NA,NA,NA,NA,NA,NA,NA,NA,NA,NA,NA,NA,NA,NA,NA,NA,Manaus2013,0.001018646,5.321446661,139,Plate5_RC9_01_10492
Man.3363.bath,floor,2013,Manaus,Manaus middle,middle,NA,NA,CAAAGTTTGCGA,GTGTGCCAGCMGCCGCGGTAA,yes,yes,no,47371,6397,12143,NA,NA,67269,floor,house,NA,66,NA,NA,6,bathroom,NA,NA,NA,4,28,1,0,municipal,NA,ceramic,NA,NA,NA,NA,NA,NA,NA,NA,NA,NA,NA,NA,NA,NA,NA,NA,Manaus2013,0.021591039,4.969414086,134,Plate5_RC10_01_10493
Man.3365.bedr,wall,2013,Manaus,Manaus middle,middle,NA,NA,AGGGTACAGGGT,GTGTGCCAGCMGCCGCGGTAA,yes,no,no,0,NA,NA,NA,NA,11,wall,house,NA,66,NA,NA,6,bedroom,NA,NA,NA,5,2,3,0,municipal,NA,plaster,NA,NA,NA,NA,NA,NA,NA,NA,NA,NA,NA,NA,NA,NA,NA,NA,Manaus2013,0.00433116,5.884944527,137,Plate5_RC11_01_10494
Man.3366.bedr,floor,2013,Manaus,Manaus middle,middle,NA,NA,TACTCTCTTAGC,GTGTGCCAGCMGCCGCGGTAA,yes,yes,no,20192,2087,2963,NA,NA,28396,floor,house,NA,66,NA,NA,6,bedroom,NA,NA,NA,4,28,1,0,municipal,NA,ceramic,NA,NA,NA,NA,NA,NA,NA,NA,NA,NA,NA,NA,NA,NA,NA,NA,Manaus2013,0.006881914,5.697359387,135,Plate5_RC12_01_10495
Man.3367.livi,wall,2013,Manaus,Manaus middle,middle,NA,NA,ACAGGGTTTGTA,GTGTGCCAGCMGCCGCGGTAA,yes,no,no,91264,NA,NA,NA,NA,123354,wall,house,NA,66,NA,NA,6,living,NA,NA,NA,5,2,3,0,municipal,NA,plaster,NA,NA,NA,NA,NA,NA,NA,NA,NA,NA,NA,NA,NA,NA,NA,NA,Manaus2013,0.001556729,5.748670953,133,Plate5_RD1_01_10498
Man.3368.livi,floor,2013,Manaus,Manaus middle,middle,NA,NA,CCAGTGGATATA,GTGTGCCAGCMGCCGCGGTAA,yes,yes,no,46385,1899,3478,NA,NA,68799,floor,house,NA,66,NA,NA,6,living,NA,NA,NA,4,28,1,0,municipal,NA,ceramic,NA,NA,NA,NA,NA,NA,NA,NA,NA,NA,NA,NA,NA,NA,NA,NA,Manaus2013,0.004206335,5.460946285,127,Plate5_RD2_01_10499
Man.3419.kitc,wall,2013,Manaus,Manaus low,low,NA,NA,GAACAGCTCTAC,GTGTGCCAGCMGCCGCGGTAA,yes,no,no,59634,NA,NA,NA,NA,71551,wall,house,NA,67,NA,NA,6,kitchen,NA,NA,NA,5,2,3,0,municipal,NA,clay block,NA,NA,NA,NA,NA,NA,NA,NA,NA,NA,NA,NA,NA,NA,NA,NA,Manaus2013,0.000795047,5.571265542,128,Plate5_RD3_01_10500
Man.3420.kitc,floor,2013,Manaus,Manaus low,low,NA,NA,GCTTAGATGTAG,GTGTGCCAGCMGCCGCGGTAA,yes,yes,no,186135,15824,24019,NA,NA,358464,floor,house,NA,67,NA,NA,6,kitchen,NA,NA,NA,4,28,1,0,municipal,NA,concrete,NA,NA,NA,NA,NA,NA,NA,NA,NA,NA,NA,NA,NA,NA,NA,NA,Manaus2013,0.012222289,5.27021255,134,Plate5_RD4_01_10501
Man.3422.bath,wall,2013,Manaus,Manaus low,low,NA,NA,GTTTGAAACACG,GTGTGCCAGCMGCCGCGGTAA,yes,no,no,111368,NA,NA,NA,NA,184435,wall,house,NA,67,NA,NA,6,bathroom,NA,NA,NA,5,2,3,0,municipal,NA,clay block,NA,NA,NA,NA,NA,NA,NA,NA,NA,NA,NA,NA,NA,NA,NA,NA,Manaus2013,0.000774604,5.461085994,115,Plate5_RD5_01_10502
Man.3423.bath,floor,2013,Manaus,Manaus low,low,NA,NA,CAATCGGCTTGC,GTGTGCCAGCMGCCGCGGTAA,yes,yes,no,171850,18217,20442,NA,NA,287049,floor,house,NA,67,NA,NA,6,bathroom,NA,NA,NA,4,28,1,0,municipal,NA,concrete,NA,NA,NA,NA,NA,NA,NA,NA,NA,NA,NA,NA,NA,NA,NA,NA,Manaus2013,0.003858103,5.21295573,121,Plate5_RD6_01_10503
Man.3425.bedr,wall,2013,Manaus,Manaus low,low,NA,NA,ATCCTACGAGCA,GTGTGCCAGCMGCCGCGGTAA,yes,no,no,25148,NA,NA,NA,NA,37108,wall,house,NA,67,NA,NA,6,bedroom,NA,NA,NA,5,2,3,0,municipal,NA,concrete,NA,NA,NA,NA,NA,NA,NA,NA,NA,NA,NA,NA,NA,NA,NA,NA,Manaus2013,0.000694852,5.38282643,120,Plate5_RD7_01_10504
Man.3426.bedr,floor,2013,Manaus,Manaus low,low,NA,NA,TACAGTTACGCG,GTGTGCCAGCMGCCGCGGTAA,yes,yes,no,43888,14695,21306,NA,NA,74082,floor,house,NA,67,NA,NA,6,bedroom,NA,NA,NA,4,28,1,0,municipal,NA,ceramic,NA,NA,NA,NA,NA,NA,NA,NA,NA,NA,NA,NA,NA,NA,NA,NA,Manaus2013,0.02491188,4.753367658,131,Plate5_RD8_01_10505
Man.3427.livi,wall,2013,Manaus,Manaus low,low,NA,NA,AGTGGCACTATC,GTGTGCCAGCMGCCGCGGTAA,yes,no,no,68538,NA,NA,NA,NA,95045,wall,house,NA,67,NA,NA,6,living,NA,NA,NA,5,2,3,0,municipal,NA,concrete,NA,NA,NA,NA,NA,NA,NA,NA,NA,NA,NA,NA,NA,NA,NA,NA,Manaus2013,0.001548779,5.698004115,128,Plate5_RD9_01_10506
Man.3428.livi,floor,2013,Manaus,Manaus low,low,NA,NA,CGGCCTAAGTTC,GTGTGCCAGCMGCCGCGGTAA,yes,yes,no,105199,18672,20285,NA,NA,197261,floor,house,NA,67,NA,NA,6,living,NA,NA,NA,4,28,1,0,municipal,NA,ceramic,NA,NA,NA,NA,NA,NA,NA,NA,NA,NA,NA,NA,NA,NA,NA,NA,Manaus2013,0.022890179,4.848269808,123,Plate5_RD10_01_10507
Man.3474.kitc,wall,2013,Manaus,Manaus low,low,NA,NA,CGGCAAACACTT,GTGTGCCAGCMGCCGCGGTAA,yes,no,no,75514,NA,NA,NA,NA,28581,wall,house,NA,68,NA,NA,6,kitchen,NA,NA,NA,5,2,3,0,municipal,NA,wood,NA,NA,NA,NA,NA,NA,NA,NA,NA,NA,NA,NA,NA,NA,NA,NA,Manaus2013,0.001761106,5.675862086,129,Plate5_RD11_01_10508
Man.3475.kitc,floor,2013,Manaus,Manaus low,low,NA,NA,TAGCGCGAACTT,GTGTGCCAGCMGCCGCGGTAA,yes,yes,no,72616,12197,28269,NA,NA,112424,floor,house,NA,68,NA,NA,6,kitchen,NA,NA,NA,4,28,1,0,municipal,NA,cement,NA,NA,NA,NA,NA,NA,NA,NA,NA,NA,NA,NA,NA,NA,NA,NA,Manaus2013,0.008525203,5.446687637,131,Plate5_RD12_01_10509
Man.3478.bath,wall,2013,Manaus,Manaus low,low,NA,NA,CTCGGATAGATC,GTGTGCCAGCMGCCGCGGTAA,yes,no,no,27077,NA,NA,NA,NA,35546,wall,house,NA,68,NA,NA,6,bathroom,NA,NA,NA,5,2,3,0,municipal,NA,ceramic,NA,NA,NA,NA,NA,NA,NA,NA,NA,NA,NA,NA,NA,NA,NA,NA,Manaus2013,0.000733413,5.229350611,117,Plate5_RE1_01_10512
Man.3479.bath,floor,2013,Manaus,Manaus low,low,NA,NA,TCGAGCCGATCT,GTGTGCCAGCMGCCGCGGTAA,yes,yes,no,23897,0,0,NA,NA,32363,floor,house,NA,68,NA,NA,6,bathroom,NA,NA,NA,4,28,1,0,municipal,NA,ceramic,NA,NA,NA,NA,NA,NA,NA,NA,NA,NA,NA,NA,NA,NA,NA,NA,Manaus2013,0.001846757,5.416625418,125,Plate5_RE2_01_10513
Man.3481.bedr,wall,2013,Manaus,Manaus low,low,NA,NA,AGAGTGCTAATC,GTGTGCCAGCMGCCGCGGTAA,yes,no,no,12870,NA,NA,NA,NA,12079,wall,house,NA,68,NA,NA,2,bedroom,NA,NA,NA,11,24,7,0,municipal,n,wood,NA,NA,NA,NA,NA,NA,NA,NA,NA,NA,NA,NA,NA,NA,NA,NA,Manaus2013,0.000684213,5.283326613,124,Plate5_RE3_01_10514
Man.3482.bedr,floor,2013,Manaus,Manaus low,low,NA,NA,AACTGTTCGCGC,GTGTGCCAGCMGCCGCGGTAA,yes,yes,no,106710,5701,11140,NA,NA,148724,floor,house,NA,68,NA,NA,6,bedroom,NA,NA,NA,4,28,1,0,municipal,NA,cement,NA,NA,NA,NA,NA,NA,NA,NA,NA,NA,NA,NA,NA,NA,NA,NA,Manaus2013,0.003950011,5.349863737,132,Plate5_RE4_01_10515
Man.3487.bath,wall,2013,Manaus,Manaus low,low,NA,NA,GTTTGCTCGAGA,GTGTGCCAGCMGCCGCGGTAA,yes,yes,no,75418,1169,2128,NA,NA,115957,wall,house,NA,68,NA,NA,2,bathroom,NA,NA,NA,11,24,7,0,municipal,n,plaster,NA,NA,NA,NA,NA,NA,NA,NA,NA,NA,NA,NA,NA,NA,NA,NA,Manaus2013,0.004114413,5.696016965,135,Plate5_RE5_01_10516
Man.3488.bath,floor,2013,Manaus,Manaus low,low,NA,NA,GTACATGTCGCC,GTGTGCCAGCMGCCGCGGTAA,yes,yes,no,93152,240,2574,NA,NA,144082,floor,house,NA,68,NA,NA,2,bathroom,NA,NA,NA,8,10,7,1,municipal,NA,concrete,NA,NA,NA,NA,NA,NA,NA,NA,NA,NA,NA,NA,NA,NA,NA,NA,Manaus2013,0.001610366,5.327313177,105,Plate5_RE6_01_10517
Man.3491.bedr,floor,2013,Manaus,Manaus low,low,NA,NA,AGTAGGAGGCAC,GTGTGCCAGCMGCCGCGGTAA,yes,yes,no,90844,16554,18523,NA,NA,142315,floor,house,NA,69,NA,NA,5,bedroom,NA,NA,NA,4,9,2,2,municipal,NA,concrete,NA,NA,NA,NA,NA,NA,NA,NA,NA,NA,NA,NA,NA,NA,NA,NA,Manaus2013,0.006823026,5.385978487,130,Plate5_RE8_01_10518
Man.3492.livi,wall,2013,Manaus,Manaus low,low,NA,NA,GTCACATCACGA,GTGTGCCAGCMGCCGCGGTAA,yes,yes,no,205588,21185,20780,NA,NA,301013,wall,house,NA,69,NA,NA,7,living,NA,NA,NA,6,25,2,0,municipal,NA,plaster,NA,NA,NA,NA,NA,NA,NA,NA,NA,NA,NA,NA,NA,NA,NA,NA,Manaus2013,0.001420876,5.457731531,119,Plate5_RE9_01_10519
Man.3493.livi,floor,2013,Manaus,Manaus low,low,NA,NA,GTGAGTCATACC,GTGTGCCAGCMGCCGCGGTAA,yes,no,no,30823,NA,NA,NA,NA,13136,floor,house,NA,69,NA,NA,6,living,NA,NA,NA,2,2,2,0,municipal,NA,concrete,NA,NA,NA,NA,NA,NA,NA,NA,NA,NA,NA,NA,NA,NA,NA,NA,Manaus2013,0.000628019,5.373252519,123,Plate5_RE10_01_10520
Man.3494.kitc,floor,2013,Manaus,Manaus low,low,NA,NA,TGTGTGTAACGC,GTGTGCCAGCMGCCGCGGTAA,yes,yes,no,69887,1658,2769,NA,NA,108399,floor,house,NA,69,NA,NA,6,kitchen,NA,NA,NA,4,28,1,0,municipal,NA,wood,NA,NA,NA,NA,NA,NA,NA,NA,NA,NA,NA,NA,NA,NA,NA,NA,Manaus2013,0.008117644,5.347885372,131,Plate5_RE12_01_10521
Man.3500.bath,wall,2013,Manaus,Manaus low,low,NA,NA,AGAGAGACAGGT,GTGTGCCAGCMGCCGCGGTAA,yes,no,no,99485,NA,NA,NA,NA,123099,wall,house,NA,69,NA,NA,6,bathroom,NA,NA,NA,2,2,2,0,municipal,NA,concrete,NA,NA,NA,NA,NA,NA,NA,NA,NA,NA,NA,NA,NA,NA,NA,NA,Manaus2013,0.001290466,5.421508049,124,Plate5_RF1_01_10522
Man.3501.bath,floor,2013,Manaus,Manaus low,low,NA,NA,AAGACGTAGCGG,GTGTGCCAGCMGCCGCGGTAA,yes,yes,no,142278,0,0,NA,NA,239501,floor,house,NA,69,NA,NA,6,bathroom,NA,NA,NA,4,28,1,0,municipal,NA,concrete,NA,NA,NA,NA,NA,NA,NA,NA,NA,NA,NA,NA,NA,NA,NA,NA,Manaus2013,0.001872834,5.52918017,132,Plate5_RF2_01_10523
Man.3503.bedr,wall,2013,Manaus,Manaus low,low,NA,NA,GACAACGAATCT,GTGTGCCAGCMGCCGCGGTAA,yes,no,no,173615,NA,NA,NA,NA,249622,wall,house,NA,69,NA,NA,6,bedroom,NA,NA,NA,2,2,2,0,municipal,NA,wood,NA,NA,NA,NA,NA,NA,NA,NA,NA,NA,NA,NA,NA,NA,NA,NA,Manaus2013,0.002837013,5.440204142,124,Plate5_RF3_01_10524
Man.3504.bedr,floor,2013,Manaus,Manaus low,low,NA,NA,AACACTCGATCG,GTGTGCCAGCMGCCGCGGTAA,yes,yes,no,82752,13986,22408,NA,NA,123068,floor,house,NA,69,NA,NA,6,bedroom,NA,NA,NA,4,28,1,0,municipal,NA,concrete,NA,NA,NA,NA,NA,NA,NA,NA,NA,NA,NA,NA,NA,NA,NA,NA,Manaus2013,0.018417418,4.960139538,141,Plate5_RF4_01_10525
Man.3505.livi,wall,2013,Manaus,Manaus low,low,NA,NA,TAACCCGATAGA,GTGTGCCAGCMGCCGCGGTAA,yes,no,no,97933,NA,NA,NA,NA,72641,wall,house,NA,69,NA,NA,6,living,NA,NA,NA,2,2,2,0,municipal,NA,wood,NA,NA,NA,NA,NA,NA,NA,NA,NA,NA,NA,NA,NA,NA,NA,NA,Manaus2013,0.00574794,4.813397562,126,Plate5_RF5_01_10526
Man.3506.livi,floor,2013,Manaus,Manaus low,low,NA,NA,CAAGCCCTAGTA,GTGTGCCAGCMGCCGCGGTAA,yes,yes,no,99894,4963,11231,NA,NA,155850,floor,house,NA,69,NA,NA,6,living,NA,NA,NA,4,28,1,0,municipal,NA,wood,NA,NA,NA,NA,NA,NA,NA,NA,NA,NA,NA,NA,NA,NA,NA,NA,Manaus2013,0.019056899,4.830402905,131,Plate5_RF6_01_10527
Man.3558.kitc,floor,2013,Manaus,Manaus low,low,NA,NA,AGCGCTCACATC,GTGTGCCAGCMGCCGCGGTAA,yes,yes,no,184897,13361,24333,NA,NA,305480,floor,house,NA,70,NA,NA,6,kitchen,NA,NA,NA,4,28,1,0,municipal,NA,concrete,NA,NA,NA,NA,NA,NA,NA,NA,NA,NA,NA,NA,NA,NA,NA,NA,Manaus2013,0.011324579,5.183769399,129,Plate5_RF7_01_10528
Man.3560.bath,wall,2013,Manaus,Manaus low,low,NA,NA,GCGAGTTCCTGT,GTGTGCCAGCMGCCGCGGTAA,yes,no,no,76708,NA,NA,NA,NA,97515,wall,house,NA,70,NA,NA,6,bathroom,NA,NA,NA,2,2,2,0,municipal,NA,clay block,NA,NA,NA,NA,NA,NA,NA,NA,NA,NA,NA,NA,NA,NA,NA,NA,Manaus2013,0.001704146,5.430209938,132,Plate5_RF8_01_10529
Man.3561.bath,floor,2013,Manaus,Manaus low,low,NA,NA,CATACACGCACC,GTGTGCCAGCMGCCGCGGTAA,yes,yes,no,223227,14985,27629,NA,NA,395075,floor,house,NA,70,NA,NA,6,bathroom,NA,NA,NA,4,28,1,0,municipal,NA,concrete,NA,NA,NA,NA,NA,NA,NA,NA,NA,NA,NA,NA,NA,NA,NA,NA,Manaus2013,0.001270222,5.243809342,118,Plate5_RF9_01_10530
Man.3563.bedr,wall,2013,Manaus,Manaus low,low,NA,NA,TTCCCGAAACGA,GTGTGCCAGCMGCCGCGGTAA,yes,no,no,0,NA,NA,NA,NA,2,wall,house,NA,70,NA,NA,6,bedroom,NA,NA,NA,2,2,2,0,municipal,NA,concrete,NA,NA,NA,NA,NA,NA,NA,NA,NA,NA,NA,NA,NA,NA,NA,NA,Manaus2013,0.001202876,5.660557952,125,Plate5_RF10_01_10531
Man.3564.bedr,floor,2013,Manaus,Manaus low,low,NA,NA,CTCATCATGTTC,GTGTGCCAGCMGCCGCGGTAA,yes,yes,no,103388,14485,19700,NA,NA,176216,floor,house,NA,70,NA,NA,6,bedroom,NA,NA,NA,4,28,1,0,municipal,NA,concrete,NA,NA,NA,NA,NA,NA,NA,NA,NA,NA,NA,NA,NA,NA,NA,NA,Manaus2013,0.005078554,5.45282511,128,Plate5_RF11_01_10532
Man.3565.livi,wall,2013,Manaus,Manaus low,low,NA,NA,TTGGCGGGTTAT,GTGTGCCAGCMGCCGCGGTAA,yes,no,no,147819,NA,NA,NA,NA,200561,wall,house,NA,70,NA,NA,6,living,NA,NA,NA,2,2,2,0,municipal,NA,clay block,NA,NA,NA,NA,NA,NA,NA,NA,NA,NA,NA,NA,NA,NA,NA,NA,Manaus2013,0.000767172,5.463147804,121,Plate5_RF12_01_10533
Man.3566.livi,floor,2013,Manaus,Manaus low,low,NA,NA,CGAAGCATCTAC,GTGTGCCAGCMGCCGCGGTAA,yes,yes,no,183886,8236,17118,NA,NA,287140,floor,house,NA,70,NA,NA,6,living,NA,NA,NA,4,28,1,0,municipal,NA,concrete,NA,NA,NA,NA,NA,NA,NA,NA,NA,NA,NA,NA,NA,NA,NA,NA,Manaus2013,0.009007019,5.240669823,118,Plate5_RG1_01_10536
Man.3582.kitc,wall,2013,Manaus,Manaus low,low,NA,NA,CAAACCTATGGC,GTGTGCCAGCMGCCGCGGTAA,yes,no,no,130809,NA,NA,NA,NA,201603,wall,house,NA,71,NA,NA,6,kitchen,NA,NA,NA,2,2,2,0,municipal,NA,plaster,NA,NA,NA,NA,NA,NA,NA,NA,NA,NA,NA,NA,NA,NA,NA,NA,Manaus2013,0.007606895,5.577970798,123,Plate5_RG2_01_10537
Man.3583.kitc,floor,2013,Manaus,Manaus low,low,NA,NA,CCAATCGTGCAA,GTGTGCCAGCMGCCGCGGTAA,yes,yes,no,175881,16005,13747,NA,NA,271447,floor,house,NA,71,NA,NA,6,kitchen,NA,NA,NA,4,28,1,0,municipal,NA,concrete,NA,NA,NA,NA,NA,NA,NA,NA,NA,NA,NA,NA,NA,NA,NA,NA,Manaus2013,0.005350718,5.306459573,134,Plate5_RG3_01_10538
Man.3632.kitc,wall,2013,Manaus,Manaus low,low,NA,NA,GTGTGCTAACGT,GTGTGCCAGCMGCCGCGGTAA,yes,no,no,155424,NA,NA,NA,NA,267723,wall,house,NA,72,NA,NA,6,kitchen,NA,NA,NA,2,2,2,0,municipal,NA,clay block,NA,NA,NA,NA,NA,NA,NA,NA,NA,NA,NA,NA,NA,NA,NA,NA,Manaus2013,0.001319978,5.404666234,132,Plate5_RG4_01_10539
Man.3633.kitc,floor,2013,Manaus,Manaus low,low,NA,NA,TGGTTATGGCAC,GTGTGCCAGCMGCCGCGGTAA,yes,yes,no,20098,0,0,NA,NA,28377,floor,house,NA,72,NA,NA,2,kitchen,NA,NA,NA,6,13,1,1,municipal,NA,ceramic,NA,NA,NA,NA,NA,NA,NA,NA,NA,NA,NA,NA,NA,NA,NA,NA,Manaus2013,0.000878725,5.218883066,119,Plate5_RG5_01_10540
Man.3636.bedr,wall,2013,Manaus,Manaus low,low,NA,NA,TTCCGAATCGGC,GTGTGCCAGCMGCCGCGGTAA,yes,no,no,80390,NA,NA,NA,NA,125639,wall,house,NA,72,NA,NA,6,bedroom,NA,NA,NA,2,2,2,0,municipal,NA,concrete,NA,NA,NA,NA,NA,NA,NA,NA,NA,NA,NA,NA,NA,NA,NA,NA,Manaus2013,0.006563885,5.486959683,116,Plate5_RG6_01_10541
Man.3637.bedr,floor,2013,Manaus,Manaus low,low,NA,NA,ACCTCAGTCAAG,GTGTGCCAGCMGCCGCGGTAA,yes,yes,no,145231,9790,12931,NA,NA,241991,floor,house,NA,72,NA,NA,2,bedroom,NA,NA,NA,6,13,1,1,municipal,NA,concrete,NA,NA,NA,NA,NA,NA,NA,NA,NA,NA,NA,NA,NA,NA,NA,NA,Manaus2013,0.006089442,5.3109586,131,Plate5_RG7_01_10542
Man.3638.livi,wall,2013,Manaus,Manaus low,low,NA,NA,GAACTTTAGCGC,GTGTGCCAGCMGCCGCGGTAA,yes,no,no,934,NA,NA,NA,NA,781,wall,house,NA,72,NA,NA,6,living,NA,NA,NA,2,2,2,0,municipal,NA,plaster,NA,NA,NA,NA,NA,NA,NA,NA,NA,NA,NA,NA,NA,NA,NA,NA,Manaus2013,0.000895493,5.367917882,125,Plate5_RG8_01_10543
Man.3639.livi,floor,2013,Manaus,Manaus low,low,NA,NA,CCAGGGACTTCT,GTGTGCCAGCMGCCGCGGTAA,yes,yes,no,53799,5662,9182,NA,NA,85511,floor,house,NA,72,NA,NA,2,living,NA,NA,NA,6,13,1,1,municipal,NA,concrete,NA,NA,NA,NA,NA,NA,NA,NA,NA,NA,NA,NA,NA,NA,NA,NA,Manaus2013,0.001084028,5.479144342,125,Plate5_RG9_01_10544
Man.3688.kitc,wall,2013,Manaus,Manaus middle,middle,NA,NA,TGAGAAGAAAGG,GTGTGCCAGCMGCCGCGGTAA,yes,no,no,5086,NA,NA,NA,NA,5527,wall,house,NA,73,NA,NA,6,kitchen,NA,NA,NA,2,2,2,0,municipal,NA,ceramic,NA,NA,NA,NA,NA,NA,NA,NA,NA,NA,NA,NA,NA,NA,NA,NA,Manaus2013,0.002268243,5.343881192,122,Plate5_RH6_01_10545
Man.3689.kitc,floor,2013,Manaus,Manaus middle,middle,NA,NA,CTGAGCTCTGCA,GTGTGCCAGCMGCCGCGGTAA,yes,yes,no,74099,7170,13056,NA,NA,105336,floor,house,NA,73,NA,NA,2,kitchen,NA,NA,NA,6,13,1,1,municipal,NA,ceramic,NA,NA,NA,NA,NA,NA,NA,NA,NA,NA,NA,NA,NA,NA,NA,NA,Manaus2013,0.003801053,5.545621071,122,Plate5_RH7_01_10546
Man.3692.bath,wall,2013,Manaus,Manaus middle,middle,NA,NA,CTTGCGGCAATC,GTGTGCCAGCMGCCGCGGTAA,yes,no,no,61841,NA,NA,NA,NA,84470,wall,house,NA,73,NA,NA,6,bathroom,NA,NA,NA,2,2,2,0,municipal,NA,painted,NA,NA,NA,NA,NA,NA,NA,NA,NA,NA,NA,NA,NA,NA,NA,NA,Manaus2013,0.002318692,5.352192251,127,Plate5_RH8_01_10547
Man.3693.bath,floor,2013,Manaus,Manaus middle,middle,NA,NA,CGAGGTTCTGAT,GTGTGCCAGCMGCCGCGGTAA,yes,yes,no,35231,15043,33350,NA,NA,47101,floor,house,NA,73,NA,NA,2,bathroom,NA,NA,NA,6,13,1,1,municipal,NA,ceramic,NA,NA,NA,NA,NA,NA,NA,NA,NA,NA,NA,NA,NA,NA,NA,NA,Manaus2013,0.00484098,5.343174615,119,Plate5_RH9_01_10548
Man.3695.bedr,wall,2013,Manaus,Manaus middle,middle,NA,NA,TACCTAGTGAGA,GTGTGCCAGCMGCCGCGGTAA,yes,no,no,22111,NA,NA,NA,NA,30143,wall,house,NA,73,NA,NA,6,bedroom,NA,NA,NA,2,2,2,0,municipal,NA,painted,NA,NA,NA,NA,NA,NA,NA,NA,NA,NA,NA,NA,NA,NA,NA,NA,Manaus2013,0.001875063,5.571445868,131,Plate5_RH10_01_10549
Man.3696.bedr,floor,2013,Manaus,Manaus middle,middle,NA,NA,TCGACCAAACAC,GTGTGCCAGCMGCCGCGGTAA,yes,yes,no,37890,0,0,NA,NA,51079,floor,house,NA,73,NA,NA,2,bedroom,NA,NA,NA,6,13,1,1,municipal,NA,ceramic,NA,NA,NA,NA,NA,NA,NA,NA,NA,NA,NA,NA,NA,NA,NA,NA,Manaus2013,0.015967956,4.910031677,131,Plate5_RH11_01_10550
Man.3697.livi,wall,2013,Manaus,Manaus middle,middle,NA,NA,TCCTTAGAAGGC,GTGTGCCAGCMGCCGCGGTAA,yes,no,no,12879,NA,NA,NA,NA,18052,wall,house,NA,73,NA,NA,6,living,NA,NA,NA,2,2,2,0,municipal,NA,painted,NA,NA,NA,NA,NA,NA,NA,NA,NA,NA,NA,NA,NA,NA,NA,NA,Manaus2013,0.002692482,5.15729133,123,Plate5_RH12_01_10551
Man.3698.livi,floor,2013,Manaus,Manaus middle,middle,NA,NA,GCAATCCTTGCG,GTGTGCCAGCMGCCGCGGTAA,yes,yes,no,51348,3733,8122,NA,NA,68510,floor,house,NA,73,NA,NA,2,living,NA,NA,NA,6,13,1,1,municipal,NA,ceramic,NA,NA,NA,NA,NA,NA,NA,NA,NA,NA,NA,NA,NA,NA,NA,NA,Manaus2013,0.000687256,5.540430393,125,Plate1_RH1_01_10098
Man.3757.kitc,wall,2013,Manaus,Manaus middle,middle,NA,NA,GTCACCAATCCG,GTGTGCCAGCMGCCGCGGTAA,yes,no,no,164000,NA,NA,NA,NA,239506,wall,house,NA,74,NA,NA,6,kitchen,NA,NA,NA,2,2,2,0,municipal,NA,ceramic,NA,NA,NA,NA,NA,NA,NA,NA,NA,NA,NA,NA,NA,NA,NA,NA,Manaus2013,0.000274849,5.131551368,125,Plate1_RH2_01_10099
Man.3758.kitc,floor,2013,Manaus,Manaus middle,middle,NA,NA,CACCGAAATCTG,GTGTGCCAGCMGCCGCGGTAA,yes,no,no,1892,NA,NA,NA,NA,1201,floor,house,NA,74,NA,NA,2,kitchen,NA,NA,NA,6,13,1,1,municipal,NA,ceramic,NA,NA,NA,NA,NA,NA,NA,NA,NA,NA,NA,NA,NA,NA,NA,NA,Manaus2013,0.000402984,4.392336735,126,Plate1_RH3_01_10100
Man.3761.bath,wall,2013,Manaus,Manaus middle,middle,NA,NA,ACCATCCAACGA,GTGTGCCAGCMGCCGCGGTAA,yes,no,no,21109,NA,NA,NA,NA,29639,wall,house,NA,74,NA,NA,6,bathroom,NA,NA,NA,2,2,2,0,municipal,NA,ceramic,NA,NA,NA,NA,NA,NA,NA,NA,NA,NA,NA,NA,NA,NA,NA,NA,Manaus2013,0.002743926,4.026715081,126,Plate1_RH4_01_10101
Man.3762.bath,floor,2013,Manaus,Manaus middle,middle,NA,NA,TATGGTACCCAG,GTGTGCCAGCMGCCGCGGTAA,yes,no,no,153908,NA,NA,NA,NA,217794,floor,house,NA,74,NA,NA,2,bathroom,NA,NA,NA,6,13,1,1,municipal,NA,ceramic,NA,NA,NA,NA,NA,NA,NA,NA,NA,NA,NA,NA,NA,NA,NA,NA,Manaus2013,0.003318265,5.581160761,144,Plate1_RH5_01_10102
Man.3764.bedr,wall,2013,Manaus,Manaus middle,middle,NA,NA,ATCTAGTGGCAA,GTGTGCCAGCMGCCGCGGTAA,yes,no,no,81067,NA,NA,NA,NA,112711,wall,house,NA,74,NA,NA,6,bedroom,NA,NA,NA,2,2,2,0,municipal,NA,painted,NA,NA,NA,NA,NA,NA,NA,NA,NA,NA,NA,NA,NA,NA,NA,NA,Manaus2013,0.000270461,5.034125303,123,Plate1_RH6_01_10103
Man.3765.bedr,floor,2013,Manaus,Manaus middle,middle,NA,NA,ACACCAACACCA,GTGTGCCAGCMGCCGCGGTAA,yes,no,no,198968,NA,NA,NA,NA,287564,floor,house,NA,74,NA,NA,2,bedroom,NA,NA,NA,6,13,1,1,municipal,NA,ceramic,NA,NA,NA,NA,NA,NA,NA,NA,NA,NA,NA,NA,NA,NA,NA,NA,Manaus2013,0.000537192,4.566365256,134,Plate1_RH7_01_10104
Man.3766.livi,wall,2013,Manaus,Manaus middle,middle,NA,NA,CACTTTGGGTGC,GTGTGCCAGCMGCCGCGGTAA,yes,no,no,0,NA,NA,NA,NA,12,wall,house,NA,74,NA,NA,6,living,NA,NA,NA,2,2,2,0,municipal,NA,painted,NA,NA,NA,NA,NA,NA,NA,NA,NA,NA,NA,NA,NA,NA,NA,NA,Manaus2013,0.0015473,5.022022549,132,Plate1_RH8_01_10105
Man.3767.livi,floor,2013,Manaus,Manaus middle,middle,NA,NA,ACATACTGAGCA,GTGTGCCAGCMGCCGCGGTAA,yes,no,no,209463,NA,NA,NA,NA,298960,floor,house,NA,74,NA,NA,2,living,NA,NA,NA,6,13,1,1,municipal,NA,ceramic,NA,NA,NA,NA,NA,NA,NA,NA,NA,NA,NA,NA,NA,NA,NA,NA,Manaus2013,0.002045117,5.566442219,123,Plate1_RH9_01_10106
Pue.467.kitc,wall,2012,Puerto Almendras,Puerto Almendras,NA,NA,NA,GCTTGAGCTTGA,CCGGACTACHVGGGTWTCTAAT,yes,yes,yes,45768,65781,375417,4302,1421,81096,wall,house,NA,11,NA,NA,12,kitchen,NA,NA,NA,4,22,7,0,well,unknown,wood,22.5,"poett, margot, cruzwaldina","ethyl alcohol, sodium hypochlorite, germicide, desinfectant",NA,NA,NA,NA,NA,NA,NA,NA,NA,SM-55JWD,9.97934,467,y,Peru2012,0.000706717,4.897763648,102,Plate2_RE5_01_10182
Pue.468.kitc,floor,2012,Puerto Almendras,Puerto Almendras,NA,NA,NA,GATTATCGACGA,CCGGACTACHVGGGTWTCTAAT,yes,yes,yes,45009,26916,47810,5940,6282,82047,floor,house,NA,11,NA,NA,12,kitchen,NA,NA,NA,4,22,7,0,well,unknown,wood,39.5,"poett, margot, cruzwaldina","ethyl alcohol, sodium hypochlorite, germicide, desinfectant",NA,NA,NA,NA,NA,NA,NA,NA,NA,SM-55JTZ,1.53165,468,y,Peru2012,0.000355459,4.792384604,105,Plate2_RE6_01_10183
Pue.470.bath,wall,2012,Puerto Almendras,Puerto Almendras,NA,NA,NA,CATACCGTGAGT,CCGGACTACHVGGGTWTCTAAT,yes,yes,yes,38350,55936,309183,164791,20801,64695,wall,house,NA,11,NA,NA,12,bathroom,NA,NA,NA,4,22,7,0,well,unknown,wood,30,"poett, margot, cruzwaldina","ethyl alcohol, sodium hypochlorite, germicide, desinfectant",NA,NA,NA,NA,NA,NA,NA,NA,NA,SM-55JUO,1.93598,470,y,Peru2012,0.000441446,5.258109104,111,Plate2_RE7_01_10184
Pue.471.bath,floor,2012,Puerto Almendras,Puerto Almendras,NA,NA,NA,TGCAGCAAGATT,CCGGACTACHVGGGTWTCTAAT,yes,yes,yes,41419,25,20,0,0,74354,floor,house,NA,11,NA,NA,12,bathroom,NA,NA,NA,4,22,7,0,well,unknown,wood,50,"poett, margot, cruzwaldina","ethyl alcohol, sodium hypochlorite, germicide, desinfectant",NA,NA,NA,NA,NA,NA,NA,NA,NA,SM-55JV1,2.15971,471,y,Peru2012,0.002515941,5.541549086,111,Plate2_RE8_01_10185
Pue.473.bedr,wall,2012,Puerto Almendras,Puerto Almendras,NA,NA,NA,GATCACGAGAGG,CCGGACTACHVGGGTWTCTAAT,yes,yes,yes,37219,89,82,700,787,51346,wall,house,NA,11,NA,NA,12,bedroom,NA,NA,NA,4,22,7,0,well,unknown,brick,NA,"poett, margot, cruzwaldina","ethyl alcohol, sodium hypochlorite, germicide, desinfectant",NA,NA,NA,NA,NA,NA,NA,NA,NA,SM-55JVP,3.61178,473,y,Peru2012,0.000900063,4.844343657,103,Plate2_RE9_01_10186
Pue.474.bedr,floor,2012,Puerto Almendras,Puerto Almendras,NA,NA,NA,CGCAGATTAGTA,CCGGACTACHVGGGTWTCTAAT,yes,yes,yes,43559,4,0,0,0,78765,floor,house,NA,11,NA,NA,12,bedroom,NA,NA,NA,4,22,7,0,well,unknown,cement,NA,"poett, margot, cruzwaldina","ethyl alcohol, sodium hypochlorite, germicide, desinfectant",NA,NA,NA,NA,NA,NA,NA,NA,NA,SM-55JW2,5.838,474,y,Peru2012,0.000825706,4.542828747,100,Plate2_RE10_01_10187
Pue.475.livi,wall,2012,Puerto Almendras,Puerto Almendras,NA,NA,NA,CGCTGTGGATTA,CCGGACTACHVGGGTWTCTAAT,yes,yes,yes,49102,2,0,89,75,48937,wall,house,NA,11,NA,NA,12,living,NA,NA,NA,4,22,7,0,well,unknown,painted brick,NA,"poett, margot, cruzwaldina","ethyl alcohol, sodium hypochlorite, germicide, desinfectant",NA,NA,NA,NA,NA,NA,NA,NA,NA,SM-55JWE,10.13231,475,y,Peru2012,0.001034766,4.462461487,100,Plate2_RE11_01_10188
Pue.476.livi,floor,2012,Puerto Almendras,Puerto Almendras,NA,NA,NA,GCCTAGCCCAAT,CCGGACTACHVGGGTWTCTAAT,yes,yes,yes,27998,92405,237529,0,0,54364,floor,house,NA,11,NA,NA,12,living,NA,NA,NA,4,22,7,0,well,unknown,cement,NA,"poett, margot, cruzwaldina","ethyl alcohol, sodium hypochlorite, germicide, desinfectant",NA,NA,NA,NA,NA,NA,NA,NA,NA,SM-55JU1,1.56914,476,y,Peru2012,0.000327999,4.761067336,114,Plate2_RE12_01_10189
Pue.509.kitc,wall,2012,Puerto Almendras,Puerto Almendras,NA,NA,NA,TGGGTCCCACAT,CCGGACTACHVGGGTWTCTAAT,yes,yes,yes,50069,1,0,0,1,55972,wall,house,NA,12,NA,NA,9,kitchen,NA,NA,NA,3,44,NA,0,well,unknown,wood,NA,unknown,unknown,NA,NA,NA,NA,NA,NA,NA,NA,NA,SM-55JW3,5.84077,509,y,Peru2012,0.000604899,4.92302987,98,Plate2_RF1_01_10192
Pue.510.kitc,floor,2012,Puerto Almendras,Puerto Almendras,NA,NA,NA,CTGTCAGTGACC,CCGGACTACHVGGGTWTCTAAT,yes,yes,yes,83629,282381,306695,70299,61565,169703,floor,house,NA,12,NA,NA,9,kitchen,NA,NA,NA,3,44,NA,0,well,unknown,soil,NA,unknown,unknown,NA,NA,NA,NA,NA,NA,NA,NA,NA,SM-55JWF,10.44854,510,y,Peru2012,0.000332854,4.941216199,100,Plate2_RF2_01_10193
Pue.513.bath,wall,2012,Puerto Almendras,Puerto Almendras,NA,NA,NA,CCTGCGAAGTAT,CCGGACTACHVGGGTWTCTAAT,yes,yes,yes,33342,3,0,0,0,45266,wall,house,NA,12,NA,NA,9,bathroom,NA,NA,NA,3,44,NA,0,well,unknown,wood,NA,unknown,unknown,NA,NA,NA,NA,NA,NA,NA,NA,NA,SM-55JUQ,1.96222,513,y,Peru2012,0.000527892,4.535900274,90,Plate2_RF3_01_10194
Pue.514.bath,floor,2012,Puerto Almendras,Puerto Almendras,NA,NA,NA,GATGTGGTGTTA,CCGGACTACHVGGGTWTCTAAT,yes,yes,yes,44984,38005,48943,139053,88970,81605,floor,house,NA,12,NA,NA,9,bathroom,NA,NA,NA,3,44,NA,0,well,unknown,wood,37.6,unknown,unknown,NA,NA,NA,NA,NA,NA,NA,NA,NA,SM-55JV3,2.24355,514,y,Peru2012,0.000784675,4.831425833,109,Plate2_RF4_01_10195
Pue.516.bedr,wall,2012,Puerto Almendras,Puerto Almendras,NA,NA,NA,AGTGTTTCGGAC,CCGGACTACHVGGGTWTCTAAT,yes,yes,yes,41372,1,0,0,0,49867,wall,house,NA,12,NA,NA,9,bedroom,NA,NA,NA,3,44,NA,0,well,unknown,wood,NA,unknown,unknown,NA,NA,NA,NA,NA,NA,NA,NA,NA,SM-55JVR,3.84217,516,y,Peru2012,0.000665605,4.655541148,103,Plate2_RF5_01_10196
Pue.517.bedr,floor,2012,Puerto Almendras,Puerto Almendras,NA,NA,NA,CACTGGTGCATA,CCGGACTACHVGGGTWTCTAAT,yes,yes,yes,52631,228059,243250,112606,101695,102454,floor,house,NA,12,NA,NA,9,bedroom,NA,NA,NA,3,44,NA,0,well,unknown,soil,NA,unknown,unknown,NA,NA,NA,NA,NA,NA,NA,NA,NA,SM-55JW4,5.84323,517,y,Peru2012,0.000492068,4.752325732,102,Plate2_RF6_01_10197
Pue.518.livi,wall,2012,Puerto Almendras,Puerto Almendras,NA,NA,NA,ACGATTCGAGTC,CCGGACTACHVGGGTWTCTAAT,yes,yes,yes,18180,28133,26599,0,0,21508,wall,house,NA,12,NA,NA,9,living,NA,NA,NA,3,44,NA,0,well,unknown,wood,15.3,unknown,unknown,NA,NA,NA,NA,NA,NA,NA,NA,NA,SM-55JWG,11.10946,518,y,Peru2012,0.000732955,4.837865065,106,Plate2_RF7_01_10198
Pue.519.livi,floor,2012,Puerto Almendras,Puerto Almendras,NA,NA,NA,TTCTCTCGACAT,CCGGACTACHVGGGTWTCTAAT,yes,yes,yes,41665,497366,754128,77590,50480,84278,floor,house,NA,12,NA,NA,9,living,NA,NA,NA,3,44,NA,0,well,unknown,soil,NA,unknown,unknown,NA,NA,NA,NA,NA,NA,NA,NA,NA,SM-55JUR,1.98807,519,y,Peru2012,0.000495966,4.908077879,109,Plate2_RF8_01_10199
Pue.545.kitc,wall,2012,Puerto Almendras,Puerto Almendras,NA,NA,NA,GGTTCGGTCCAT,CCGGACTACHVGGGTWTCTAAT,yes,yes,yes,25065,20530,27256,0,0,3382,wall,house,NA,13,NA,NA,9,kitchen,NA,NA,NA,8,17,1,1,well,unknown,wood,23.1,unknown,unknown,NA,NA,NA,NA,NA,NA,NA,NA,NA,SM-55JWH,12.10662,545,y,Peru2012,0.001079442,4.734412862,110,Plate2_RF9_01_10200
Pue.546.kitc,floor,2012,Puerto Almendras,Puerto Almendras,NA,NA,NA,GTCACGGACATT,CCGGACTACHVGGGTWTCTAAT,yes,yes,yes,32157,337448,398548,189560,126031,60520,floor,house,NA,13,NA,NA,9,kitchen,NA,NA,NA,8,17,1,1,well,unknown,soil,NA,unknown,unknown,NA,NA,NA,NA,NA,NA,NA,NA,NA,SM-55JU4,1.59302,546,y,Peru2012,0.000666107,4.654032416,104,Plate2_RF10_01_10201
Pue.549.bedr,wall,2012,Puerto Almendras,Puerto Almendras,NA,NA,NA,GTAGAGGTAGAG,CCGGACTACHVGGGTWTCTAAT,yes,yes,yes,22620,25478,289794,195763,39661,37794,wall,house,NA,13,NA,NA,9,bedroom,NA,NA,NA,8,17,1,1,well,unknown,brick,NA,unknown,unknown,NA,NA,NA,NA,NA,NA,NA,NA,NA,SM-55JV5,2.25238,549,y,Peru2012,0.000585263,4.627676787,103,Plate2_RF11_01_10202
Pue.550.bedr,floor,2012,Puerto Almendras,Puerto Almendras,NA,NA,NA,ACGCGAACTAAT,CCGGACTACHVGGGTWTCTAAT,yes,yes,yes,52895,237840,354138,109283,35815,94551,floor,house,NA,13,NA,NA,9,bedroom,NA,NA,NA,8,17,1,1,well,unknown,soil,NA,unknown,unknown,NA,NA,NA,NA,NA,NA,NA,NA,NA,SM-55JVH,2.97494,550,y,Peru2012,0.000384855,5.019909814,102,Plate2_RF12_01_10203
Pue.551.livi,wall,2012,Puerto Almendras,Puerto Almendras,NA,NA,NA,TGGCAAATCTAG,CCGGACTACHVGGGTWTCTAAT,yes,yes,yes,44199,0,0,3955,2867,51335,wall,house,NA,13,NA,NA,9,living,NA,NA,NA,8,17,1,1,well,unknown,painted wood,NA,unknown,unknown,NA,NA,NA,NA,NA,NA,NA,NA,NA,SM-55JVT,4.06659,551,y,Peru2012,0.000816741,4.813457901,103,Plate2_RG1_01_10206
Pue.552.livi,floor,2012,Puerto Almendras,Puerto Almendras,NA,NA,NA,AGTTGTAGTCCG,CCGGACTACHVGGGTWTCTAAT,yes,yes,yes,50901,298616,430553,92017,40622,105444,floor,house,NA,13,NA,NA,9,living,NA,NA,NA,8,17,1,1,well,unknown,soil,NA,unknown,unknown,NA,NA,NA,NA,NA,NA,NA,NA,NA,SM-55JW6,6.86715,552,y,Peru2012,0.000891761,4.65962749,114,Plate2_RG2_01_10207
Pue.555.bath,wall,2012,Puerto Almendras,Puerto Almendras,NA,NA,NA,TACCGAAGGTAT,CCGGACTACHVGGGTWTCTAAT,yes,yes,yes,14727,38993,101315,44053,16748,26495,wall,house,NA,13,NA,NA,9,bathroom,NA,NA,NA,8,17,1,1,well,unknown,plastic,unknown,unknown,unknown,NA,NA,NA,NA,NA,NA,NA,NA,NA,SM-55JUH,1.83703,555,y,Peru2012,0.001062294,4.742317194,110,Plate2_RG3_01_10208
Pue.556.bath,floor,2012,Puerto Almendras,Puerto Almendras,NA,NA,NA,GTTAAGCTGACC,CCGGACTACHVGGGTWTCTAAT,yes,yes,yes,36158,164493,292579,261703,75793,75269,floor,house,NA,13,NA,NA,9,bathroom,NA,NA,NA,8,17,1,1,well,unknown,wood,unknown,unknown,unknown,NA,NA,NA,NA,NA,NA,NA,NA,NA,SM-55JUT,2.04673,556,y,Peru2012,0.000808239,4.923520992,110,Plate2_RG4_01_10209
Pue.610.kitc,wall,2012,Puerto Almendras,Puerto Almendras,NA,NA,NA,CACCTTACCTTA,CCGGACTACHVGGGTWTCTAAT,yes,yes,yes,37882,159495,220140,170130,67456,31408,wall,house,NA,14,NA,NA,5,kitchen,NA,NA,NA,4,3,monthly,0,well,unknown,wood,12.4,clorox,sodium hypochlorite,NA,NA,NA,NA,NA,NA,NA,NA,NA,SM-55JVU,4.08811,610,y,Peru2012,0.000933114,4.617560709,107,Plate2_RG5_01_10210
Pue.611.kitc,floor,2012,Puerto Almendras,Puerto Almendras,NA,NA,NA,TCGTCAAACCCG,CCGGACTACHVGGGTWTCTAAT,yes,yes,yes,50883,524333,474502,222710,139044,92851,floor,house,NA,14,NA,NA,5,kitchen,NA,NA,NA,4,3,monthly,0,well,unknown,soil,NA,clorox,sodium hypochlorite,NA,NA,NA,NA,NA,NA,NA,NA,NA,SM-55JW7,7.11137,611,y,Peru2012,0.000383679,4.727409193,99,Plate2_RG6_01_10211
Pue.616.bedr,wall,2012,Puerto Almendras,Puerto Almendras,NA,NA,NA,GGTTATTTGGCG,CCGGACTACHVGGGTWTCTAAT,yes,yes,yes,48997,289042,323369,56935,18132,50099,wall,house,NA,14,NA,NA,5,bedroom,NA,NA,NA,4,3,monthly,0,well,unknown,wood,33,clorox,sodium hypochlorite,NA,NA,NA,NA,NA,NA,NA,NA,NA,SM-55JV7,2.33653,616,y,Peru2012,0.000701838,4.741086758,98,Plate2_RG7_01_10212
Pue.617.bedr,floor,2012,Puerto Almendras,Puerto Almendras,NA,NA,NA,ACGGGTCATCAT,CCGGACTACHVGGGTWTCTAAT,yes,yes,yes,55749,1,0,87240,98699,106162,floor,house,NA,14,NA,NA,5,bedroom,NA,NA,NA,4,3,monthly,0,well,unknown,soil,NA,clorox,sodium hypochlorite,NA,NA,NA,NA,NA,NA,NA,NA,NA,SM-55JVJ,3.22636,617,y,Peru2012,0.000395738,4.955237179,97,Plate2_RG8_01_10213
Pue.618.livi,wall,2012,Puerto Almendras,Puerto Almendras,NA,NA,NA,TTAACCTTCCTG,CCGGACTACHVGGGTWTCTAAT,yes,yes,yes,51195,173969,190284,25729,13911,16991,wall,house,NA,14,NA,NA,5,living,NA,NA,NA,4,3,monthly,0,well,unknown,wood,27.9,clorox,sodium hypochlorite,NA,NA,NA,NA,NA,NA,NA,NA,NA,SM-55JVV,4.1915,618,y,Peru2012,0.000454785,4.917411321,105,Plate2_RG9_01_10214
Pue.619.livi,floor,2012,Puerto Almendras,Puerto Almendras,NA,NA,NA,TAATCGGTGCCA,CCGGACTACHVGGGTWTCTAAT,yes,yes,yes,47702,2,0,0,0,77380,floor,house,NA,14,NA,NA,5,living,NA,NA,NA,4,3,monthly,0,well,unknown,soil,NA,clorox,sodium hypochlorite,NA,NA,NA,NA,NA,NA,NA,NA,NA,SM-55JW8,7.47717,619,y,Peru2012,0.000536779,4.598535253,107,Plate2_RG10_01_10215
Pue.626.kitc,wall,2012,Puerto Almendras,Puerto Almendras,NA,NA,NA,GTATTTCGGACG,CCGGACTACHVGGGTWTCTAAT,yes,yes,yes,28638,7144,106028,47441,2655,43368,wall,house,NA,15,NA,NA,8,kitchen,NA,NA,NA,5,unknown,NA,0,well,unknown,wood,32.6,clorox,sodium hypochlorite,NA,NA,NA,NA,NA,NA,NA,NA,NA,SM-55JUJ,1.84642,626,y,Peru2012,0.000492999,4.647967383,90,Plate2_RG11_01_10216
Pue.627.kitc,floor,2012,Puerto Almendras,Puerto Almendras,NA,NA,NA,GACATTGTCACG,CCGGACTACHVGGGTWTCTAAT,yes,yes,yes,58217,128473,209858,138897,29418,107009,floor,house,NA,15,NA,NA,8,kitchen,NA,NA,NA,5,unknown,NA,0,well,unknown,soil,NA,clorox,sodium hypochlorite,NA,NA,NA,NA,NA,NA,NA,NA,NA,SM-55JUV,2.0786,627,y,Peru2012,0.000414646,4.317450202,109,Plate2_RG12_01_10217
Pue.629.bath,wall,2012,Puerto Almendras,Puerto Almendras,NA,NA,NA,GAAACATCCCAC,CCGGACTACHVGGGTWTCTAAT,yes,yes,yes,54724,1,0,0,1,93920,wall,house,NA,15,NA,NA,8,bathroom,NA,NA,NA,5,unknown,NA,0,well,unknown,plastic,NA,clorox,sodium hypochlorite,NA,NA,NA,NA,NA,NA,NA,NA,NA,SM-55JVK,3.39852,629,y,Peru2012,0.000609704,4.829586054,100,Plate2_RH1_01_10220
Pue.630.bath,floor,2012,Puerto Almendras,Puerto Almendras,NA,NA,NA,TGCCGTATGCCA,CCGGACTACHVGGGTWTCTAAT,yes,yes,yes,45641,281536,301617,124691,20573,90798,floor,house,NA,15,NA,NA,8,bathroom,NA,NA,NA,5,unknown,NA,0,well,unknown,soil,NA,clorox,sodium hypochlorite,NA,NA,NA,NA,NA,NA,NA,NA,NA,SM-55JVW,4.25104,630,y,Peru2012,0.000620067,4.886601087,106,Plate2_RH2_01_10221
Pue.632.bedr,wall,2012,Puerto Almendras,Puerto Almendras,NA,NA,NA,TGTAAGACTTGG,CCGGACTACHVGGGTWTCTAAT,yes,yes,yes,53920,6,4,121181,9174,97284,wall,house,NA,15,NA,NA,8,bedroom,NA,NA,NA,5,unknown,NA,0,well,unknown,wood,30,clorox,sodium hypochlorite,NA,NA,NA,NA,NA,NA,NA,NA,NA,SM-55JWL,39.58991,632,y,Peru2012,0.001024744,4.641442746,107,Plate2_RH3_01_10222
Pue.633.bedr,floor,2012,Puerto Almendras,Puerto Almendras,NA,NA,NA,TCTTGGAGGTCA,CCGGACTACHVGGGTWTCTAAT,yes,yes,yes,38963,176873,155191,4171,5062,71492,floor,house,NA,15,NA,NA,8,bedroom,NA,NA,NA,5,unknown,NA,0,well,unknown,soil,NA,clorox,sodium hypochlorite,NA,NA,NA,NA,NA,NA,NA,NA,NA,SM-55JU8,1.68838,633,y,Peru2012,0.000737581,4.569434017,104,Plate2_RH4_01_10223
Pue.634.livi,wall,2012,Puerto Almendras,Puerto Almendras,NA,NA,NA,TATCTATCCTGC,CCGGACTACHVGGGTWTCTAAT,yes,yes,yes,46382,1,0,48240,15001,60010,wall,house,NA,15,NA,NA,8,living,NA,NA,NA,5,unknown,NA,0,well,unknown,wood,16.7,clorox,sodium hypochlorite,NA,NA,NA,NA,NA,NA,NA,NA,NA,SM-55JUK,1.84712,634,y,Peru2012,0.000704673,4.78761296,109,Plate2_RH5_01_10224
Pue.635.livi,floor,2012,Puerto Almendras,Puerto Almendras,NA,NA,NA,GCCAACAACCAT,CCGGACTACHVGGGTWTCTAAT,yes,yes,yes,33836,8,18,26824,12083,58834,floor,house,NA,15,NA,NA,8,living,NA,NA,NA,5,unknown,NA,0,well,unknown,soil,NA,clorox,sodium hypochlorite,NA,NA,NA,NA,NA,NA,NA,NA,NA,SM-55JUW,2.11498,635,y,Peru2012,0.000406656,4.412579108,98,Plate2_RH6_01_10225
Pue.678.kitc,wall,2012,Puerto Almendras,Puerto Almendras,NA,NA,NA,CGGGTGTTTGCT,CCGGACTACHVGGGTWTCTAAT,yes,yes,yes,37797,81929,247512,125413,23396,1460,wall,house,NA,16,NA,NA,6,kitchen,NA,NA,NA,10,16,0,0,well,unknown,wood,13,unknown,unknown,NA,NA,NA,NA,NA,NA,NA,NA,NA,SM-55JWA,8.30147,678,y,Peru2012,0.000555833,4.977609221,110,Plate2_RH7_01_10226
Pue.679.kitc,floor,2012,Puerto Almendras,Puerto Almendras,NA,NA,NA,CGGATCTAGTGT,CCGGACTACHVGGGTWTCTAAT,yes,yes,yes,49068,2930,3288,34121,27886,85197,floor,house,NA,16,NA,NA,6,kitchen,NA,NA,NA,10,16,0,0,well,unknown,soil,NA,unknown,unknown,NA,NA,NA,NA,NA,NA,NA,NA,NA,SM-55JWM,57.72802,679,y,Peru2012,0.000269103,4.828424733,96,Plate2_RH8_01_10227
Pue.681.bath,wall,2012,Puerto Almendras,Puerto Almendras,NA,NA,NA,TTGCCAAGAGTC,CCGGACTACHVGGGTWTCTAAT,yes,yes,yes,29068,91185,74136,0,0,50534,wall,house,NA,16,NA,NA,6,bathroom,NA,NA,NA,10,16,0,0,well,unknown,wood,38,unknown,unknown,NA,NA,NA,NA,NA,NA,NA,NA,NA,SM-55JUL,1.85591,681,y,Peru2012,0.000169338,4.908386162,104,Plate2_RH9_01_10228
Pue.682.bath,floor,2012,Puerto Almendras,Puerto Almendras,NA,NA,NA,ATCAGTACTAGG,CCGGACTACHVGGGTWTCTAAT,yes,yes,yes,44595,1,0,0,0,81193,floor,house,NA,16,NA,NA,6,bathroom,NA,NA,NA,10,16,0,0,well,unknown,wood,NA,unknown,unknown,NA,NA,NA,NA,NA,NA,NA,NA,NA,SM-55JUX,2.13252,682,y,Peru2012,0.000321776,4.956010444,110,Plate2_RH10_01_10229
Pue.684.bedr,wall,2012,Puerto Almendras,Puerto Almendras,NA,NA,NA,TCAGTTCTCGTT,CCGGACTACHVGGGTWTCTAAT,yes,yes,yes,15169,37,30,0,0,2738,wall,house,NA,16,NA,NA,6,bedroom,NA,NA,NA,10,16,0,0,well,unknown,wood,20.4,unknown,unknown,NA,NA,NA,NA,NA,NA,NA,NA,NA,SM-55JVM,3.44028,684,y,Peru2012,9.27E-05,4.9326925,100,Plate2_RH11_01_10230
Pue.685.bedr,floor,2012,Puerto Almendras,Puerto Almendras,NA,NA,NA,CGCTACAACTCG,CCGGACTACHVGGGTWTCTAAT,yes,yes,yes,53988,979121,871306,46975,58011,101081,floor,house,NA,16,NA,NA,6,bedroom,NA,NA,NA,10,16,0,0,well,unknown,soil,NA,unknown,unknown,NA,NA,NA,NA,NA,NA,NA,NA,NA,SM-55JVY,4.89865,685,y,Peru2012,0.000485229,4.931198803,106,Plate2_RH12_01_10231
Pue.686.livi,wall,2012,Puerto Almendras,Puerto Almendras,NA,NA,NA,TTGACCGCGGTT,CCGGACTACHVGGGTWTCTAAT,yes,yes,yes,20375,19,0,0,0,33115,wall,house,NA,16,NA,NA,6,living,NA,NA,NA,10,16,0,0,well,unknown,wood,32,unknown,unknown,NA,NA,NA,NA,NA,NA,NA,NA,NA,SM-55JWB,8.51938,686,y,Peru2012,0.000697881,4.732571041,111,Plate3_RA1_01_10239
Pue.687.livi,floor,2012,Puerto Almendras,Puerto Almendras,NA,NA,NA,CGATCTTCGAGC,CCGGACTACHVGGGTWTCTAAT,yes,yes,yes,29239,5,4,0,0,40747,floor,house,NA,16,NA,NA,6,living,NA,NA,NA,10,16,0,0,well,unknown,soil,NA,unknown,unknown,NA,NA,NA,NA,NA,NA,NA,NA,NA,SM-55JWN,57.80502,687,y,Peru2012,9.48E-05,4.69261913,102,Plate3_RA2_01_10240
Pue.730.kitc,wall,2012,Puerto Almendras,Puerto Almendras,NA,NA,NA,GCCGTCTCGTAA,CCGGACTACHVGGGTWTCTAAT,yes,no,no,24018,NA,NA,NA,NA,33764,wall,house,NA,17,NA,NA,8,kitchen,NA,NA,NA,4,1,0,0,well,unknown,brick,NA,unknown,unknown,NA,NA,NA,NA,NA,NA,NA,NA,NA,SM-4WZZ3,0.33148,730,y,Peru2012,0.000756678,4.516089703,92,Plate3_RA3_01_10241
Pue.734.bath,wall,2012,Puerto Almendras,Puerto Almendras,NA,NA,NA,ATTTAGGACGAC,CCGGACTACHVGGGTWTCTAAT,yes,yes,yes,29929,23246,98195,152691,22853,33432,wall,house,NA,17,NA,NA,8,bathroom,NA,NA,NA,4,1,0,0,well,unknown,wood,NA,unknown,unknown,NA,NA,NA,NA,NA,NA,NA,NA,NA,SM-4WZXE,0.32823,734,y,Peru2012,0.000927879,4.60743469,99,Plate3_RA4_01_10242
Pue.735.bath,floor,2012,Puerto Almendras,Puerto Almendras,NA,NA,NA,ATCCCTACGGAA,CCGGACTACHVGGGTWTCTAAT,yes,yes,yes,48495,28192,90073,27702,19548,83046,floor,house,NA,17,NA,NA,8,bathroom,NA,NA,NA,4,1,0,0,well,unknown,wood,NA,unknown,unknown,NA,NA,NA,NA,NA,NA,NA,NA,NA,SM-4WZXQ,0.32933,735,y,Peru2012,0.000502142,4.866744929,100,Plate3_RA5_01_10243
Pue.737.bedr,wall,2012,Puerto Almendras,Puerto Almendras,NA,NA,NA,ACTCTAGCCGGT,CCGGACTACHVGGGTWTCTAAT,yes,yes,yes,52124,29355,126877,79054,18720,26552,wall,house,NA,17,NA,NA,8,bedroom,NA,NA,NA,4,1,0,0,well,unknown,wood,NA,unknown,unknown,NA,NA,NA,NA,NA,NA,NA,NA,NA,SM-4WZYF,0.33032,737,y,Peru2012,0.000551758,4.658791138,100,Plate3_RA6_01_10244
Pue.738.bedr,floor,2012,Puerto Almendras,Puerto Almendras,NA,NA,NA,ATTAAGCCTGGA,CCGGACTACHVGGGTWTCTAAT,yes,yes,yes,58198,63907,73344,29014,15763,105848,floor,house,NA,17,NA,NA,8,bedroom,NA,NA,NA,4,1,0,0,well,unknown,soil,NA,unknown,unknown,NA,NA,NA,NA,NA,NA,NA,NA,NA,SM-4WZYR,0.33091,738,y,Peru2012,0.000642416,4.613561491,111,Plate3_RA7_01_10245
Pue.739.livi,wall,2012,Puerto Almendras,Puerto Almendras,NA,NA,NA,CTGGGTATCTCG,CCGGACTACHVGGGTWTCTAAT,yes,yes,yes,49438,0,0,2422,198,77327,wall,house,NA,17,NA,NA,8,living,NA,NA,NA,4,1,0,0,well,unknown,brick,NA,unknown,unknown,NA,NA,NA,NA,NA,NA,NA,NA,NA,SM-4WZZ4,0.33151,739,y,Peru2012,0.000571598,4.707810662,110,Plate3_RA8_01_10246
Pue.740.livi,floor,2012,Puerto Almendras,Puerto Almendras,NA,NA,NA,GTGGTCATCGTA,CCGGACTACHVGGGTWTCTAAT,yes,yes,yes,25869,50774,73626,72105,15810,45793,floor,house,NA,17,NA,NA,8,living,NA,NA,NA,4,1,0,0,well,unknown,cement,NA,unknown,unknown,NA,NA,NA,NA,NA,NA,NA,NA,NA,SM-4WZWQ,0.32684,740,y,Peru2012,0.000688278,4.544753777,116,Plate3_RA9_01_10247
Pue.765.kitc,wall,2012,Puerto Almendras,Puerto Almendras,NA,NA,NA,GCAGATTTCCAG,CCGGACTACHVGGGTWTCTAAT,yes,yes,yes,50790,34160,83219,115258,8188,28166,wall,house,NA,18,NA,NA,3,kitchen,NA,NA,NA,4,NA,0,0,well,unknown,wood,NA,unknown,unknown,NA,NA,NA,NA,NA,NA,NA,NA,NA,SM-4WZY4,0.3298,765,y,Peru2012,0.000829906,4.799164959,99,Plate3_RA10_01_10248
Pue.766.kitc,floor,2012,Puerto Almendras,Puerto Almendras,NA,NA,NA,CGATAGGCCTTA,CCGGACTACHVGGGTWTCTAAT,yes,yes,yes,55297,39402,62699,58652,34816,116102,floor,house,NA,18,NA,NA,3,kitchen,NA,NA,NA,4,NA,0,0,well,unknown,soil,NA,unknown,unknown,NA,NA,NA,NA,NA,NA,NA,NA,NA,SM-4WZYG,0.33032,766,y,Peru2012,0.000270871,4.848686799,114,Plate3_RA11_01_10249
Pue.772.bedr,wall,2012,Puerto Almendras,Puerto Almendras,NA,NA,NA,ACTGATGGCCTC,CCGGACTACHVGGGTWTCTAAT,yes,yes,yes,37491,9487,59977,218459,42677,40044,wall,house,NA,18,NA,NA,3,bedroom,NA,NA,NA,4,NA,0,0,well,unknown,wood,NA,unknown,unknown,NA,NA,NA,NA,NA,NA,NA,NA,NA,SM-4WZX4,0.32779,772,y,Peru2012,0.000876846,4.746824881,115,Plate3_RA12_01_10250
Pue.773.bedr,floor,2012,Puerto Almendras,Puerto Almendras,NA,NA,NA,TGGTTGGTTACG,CCGGACTACHVGGGTWTCTAAT,yes,yes,yes,43100,88854,98134,161144,42219,88364,floor,house,NA,18,NA,NA,3,bedroom,NA,NA,NA,4,NA,0,0,well,unknown,soil,NA,unknown,unknown,NA,NA,NA,NA,NA,NA,NA,NA,NA,SM-4WZXG,0.32834,773,y,Peru2012,0.000589227,5.078176721,108,Plate3_RB1_01_10251
Pue.774.livi,wall,2012,Puerto Almendras,Puerto Almendras,NA,NA,NA,GTGTTCCCAGAA,CCGGACTACHVGGGTWTCTAAT,yes,yes,yes,37804,33080,66082,81393,64270,23573,wall,house,NA,18,NA,NA,3,living,NA,NA,NA,4,NA,0,0,well,unknown,wood,NA,unknown,unknown,NA,NA,NA,NA,NA,NA,NA,NA,NA,SM-4WZXS,0.32946,774,y,Peru2012,0.000566134,4.801632091,97,Plate3_RB2_01_10252
Pue.775.livi,floor,2012,Puerto Almendras,Puerto Almendras,NA,NA,NA,AGATGATCAGTC,CCGGACTACHVGGGTWTCTAAT,yes,yes,yes,62804,0,0,1844,968,114516,floor,house,NA,18,NA,NA,3,living,NA,NA,NA,4,NA,0,0,well,unknown,soil,NA,unknown,unknown,NA,NA,NA,NA,NA,NA,NA,NA,NA,SM-4WZY5,0.32989,775,y,Peru2012,0.000308208,5.169532172,110,Plate3_RB3_01_10253
Plate1_Blank_SwabUSA_RA1_01_10009.mzxml,blank,blank,blank,blank,blank,blank,blank,blank,blank,blank,blank,blank,blank,blank,blank,blank,blank,blank,blank,blank,blank,blank,blank,blank,blank,blank,blank,blank,blank,blank,blank,blank,blank,blank,blank,blank,blank,blank,blank,blank,blank,blank,blank,blank,blank,blank,blank,blank,blank,blank,blank,blank,blank,blank,blank,blank,Plate1_Blank_SwabUSA_RA1_01_10009.mzxml
Plate1_Blank_SwabUSA_RA2_01_10010.mzxml,blank,blank,blank,blank,blank,blank,blank,blank,blank,blank,blank,blank,blank,blank,blank,blank,blank,blank,blank,blank,blank,blank,blank,blank,blank,blank,blank,blank,blank,blank,blank,blank,blank,blank,blank,blank,blank,blank,blank,blank,blank,blank,blank,blank,blank,blank,blank,blank,blank,blank,blank,blank,blank,blank,blank,blank,Plate1_Blank_SwabUSA_RA2_01_10010.mzxml
Plate1_Blank_SwabPERU_RA3_01_10011.mzxml,blank,blank,blank,blank,blank,blank,blank,blank,blank,blank,blank,blank,blank,blank,blank,blank,blank,blank,blank,blank,blank,blank,blank,blank,blank,blank,blank,blank,blank,blank,blank,blank,blank,blank,blank,blank,blank,blank,blank,blank,blank,blank,blank,blank,blank,blank,blank,blank,blank,blank,blank,blank,blank,blank,blank,blank,Plate1_Blank_SwabPERU_RA3_01_10011.mzxml
Plate1_Blank_SwabPERU_RA4_01_10012.mzxml,blank,blank,blank,blank,blank,blank,blank,blank,blank,blank,blank,blank,blank,blank,blank,blank,blank,blank,blank,blank,blank,blank,blank,blank,blank,blank,blank,blank,blank,blank,blank,blank,blank,blank,blank,blank,blank,blank,blank,blank,blank,blank,blank,blank,blank,blank,blank,blank,blank,blank,blank,blank,blank,blank,blank,blank,Plate1_Blank_SwabPERU_RA4_01_10012.mzxml
